date,reflection,mood,energy,productivity,tags,date_parsed,raw_reflection,cleaned_reflection,tokens,word_count,character_count,sentence_count
2025-01-30,"Spent some time reviewing machine learning, mostly going over gradient descent again.",5,7,7,coding,2025-01-30,"Spent some time reviewing machine learning, mostly going over gradient descent again.","spent some time reviewing machine learning, mostly going over gradient descent again.","['spent', 'time', 'reviewing', 'machine', 'learning', 'mostly', 'going', 'gradient', 'descent']",12,85,1
2025-01-31,Tried to study data visualization today but kept getting stuck on overfitting and felt frustrated. Need to get more rest tonight.,1,3,2,"python, study, data science",2025-01-31,Tried to study data visualization today but kept getting stuck on overfitting and felt frustrated. Need to get more rest tonight.,tried to study data visualization today but kept getting stuck on overfitting and felt frustrated. need to get more rest tonight.,"['tried', 'study', 'data', 'visualization', 'kept', 'getting', 'stuck', 'overfitting', 'frustrated', 'need', 'get', 'more', 'rest', 'tonight']",21,129,2
2025-02-01,"Fairly lazy day overall, mixed a bit of rest with a few small chores. Nothing particularly stands out about today.",5,7,6,"weekend, rest",2025-02-01,"Fairly lazy day overall, mixed a bit of rest with a few small chores. Nothing particularly stands out about today.","fairly lazy day overall, mixed a bit of rest with a few small chores. nothing particularly stands out about today.","['fairly', 'lazy', 'day', 'overall', 'mixed', 'bit', 'rest', 'few', 'small', 'chores', 'nothing', 'stands']",20,114,2
2025-02-02,Read through some notes on feature engineering but didn't get much hands-on SQL practice done.,7,7,4,study,2025-02-02,Read through some notes on feature engineering but didn't get much hands-on SQL practice done.,read through some notes on feature engineering but didn't get much hands-on sql practice done.,"['read', 'through', 'notes', 'feature', 'engineering', ""didn't"", 'get', 'much', 'hands', 'sql', 'practice', 'done']",15,94,1
2025-02-04,Thinking about the exam a lot today but haven't really started preparing yet. Nothing particularly stands out about today.,5,7,6,"stress, anxiety",2025-02-04,Thinking about the exam a lot today but haven't really started preparing yet. Nothing particularly stands out about today.,thinking about the exam a lot today but haven't really started preparing yet. nothing particularly stands out about today.,"['thinking', 'exam', 'lot', ""haven't"", 'started', 'preparing', 'yet', 'nothing', 'stands']",19,122,2
2025-02-05,"Quiet day, spoke with an old friend for a bit over the phone. Nothing particularly stands out about today.",5,7,5,"family, weekend",2025-02-05,"Quiet day, spoke with an old friend for a bit over the phone. Nothing particularly stands out about today.","quiet day, spoke with an old friend for a bit over the phone. nothing particularly stands out about today.","['quiet', 'day', 'spoke', 'old', 'friend', 'bit', 'phone', 'nothing', 'stands']",19,106,2
2025-02-06,"Did a light walk session, nothing intense, just kept the habit going. Nothing particularly stands out about today.",4,5,5,"health, wellbeing",2025-02-06,"Did a light walk session, nothing intense, just kept the habit going. Nothing particularly stands out about today.","did a light walk session, nothing intense, just kept the habit going. nothing particularly stands out about today.","['light', 'walk', 'session', 'nothing', 'intense', 'kept', 'habit', 'going', 'nothing', 'stands']",18,114,2
2025-02-07,"Thought about picking reading back up today but didn't get to it. A fairly typical day, all things considered.",7,9,6,"creativity, reading",2025-02-07,"Thought about picking reading back up today but didn't get to it. A fairly typical day, all things considered.","thought about picking reading back up today but didn't get to it. a fairly typical day, all things considered.","['thought', 'picking', 'reading', ""didn't"", 'get', 'fairly', 'typical', 'day', 'all', 'things', 'considered']",19,110,2
2025-02-08,"Looked into travel options for a new part of the city, nothing booked yet. A fairly typical day, all things considered.",4,6,6,"adventure, weekend, travel",2025-02-08,"Looked into travel options for a new part of the city, nothing booked yet. A fairly typical day, all things considered.","looked into travel options for a new part of the city, nothing booked yet. a fairly typical day, all things considered.","['looked', 'into', 'travel', 'options', 'new', 'part', 'city', 'nothing', 'booked', 'yet', 'fairly', 'typical', 'day', 'all', 'things', 'considered']",21,119,2
2025-02-09,"Fairly lazy day overall, mixed a bit of rest with a few small chores. Just an ordinary day overall.",5,5,6,relaxation,2025-02-09,"Fairly lazy day overall, mixed a bit of rest with a few small chores. Just an ordinary day overall.","fairly lazy day overall, mixed a bit of rest with a few small chores. just an ordinary day overall.","['fairly', 'lazy', 'day', 'overall', 'mixed', 'bit', 'rest', 'few', 'small', 'chores', 'ordinary', 'day', 'overall']",19,99,2
2025-02-10,"Spent the evening on writing, completely lost track of time — it was exactly what I needed. Looking forward to more days like this.",7,6,7,"hobbies, music",2025-02-10,"Spent the evening on writing, completely lost track of time — it was exactly what I needed. Looking forward to more days like this.","spent the evening on writing, completely lost track of time  it was exactly what i needed. looking forward to more days like this.","['spent', 'evening', 'writing', 'completely', 'lost', 'track', 'time', 'exactly', 'what', 'needed', 'looking', 'forward', 'more', 'days', 'like']",24,131,2
2025-02-11,"The exam is coming up soon, feeling a mix of nervous and okay about it. Thinking about the job interview a lot today but haven't really started preparing yet. Ready to see what tomorrow brings.",6,7,6,deadline,2025-02-11,"The exam is coming up soon, feeling a mix of nervous and okay about it. Thinking about the job interview a lot today but haven't really started preparing yet. Ready to see what tomorrow brings.","the exam is coming up soon, feeling a mix of nervous and okay about it. thinking about the job interview a lot today but haven't really started preparing yet. ready to see what tomorrow brings.","['exam', 'coming', 'soon', 'feeling', 'mix', 'nervous', 'okay', 'thinking', 'job', 'interview', 'lot', ""haven't"", 'started', 'preparing', 'yet', 'ready', 'see', 'what', 'tomorrow', 'brings']",35,193,3
2025-02-12,"Took a short trip to the countryside today, it was a nice change of scenery and really refreshing. Explored the countryside for the first time — such a great way to break the routine. Grateful for how the day turned out.",7,7,8,"adventure, travel",2025-02-12,"Took a short trip to the countryside today, it was a nice change of scenery and really refreshing. Explored the countryside for the first time — such a great way to break the routine. Grateful for how the day turned out.","took a short trip to the countryside today, it was a nice change of scenery and really refreshing. explored the countryside for the first time  such a great way to break the routine. grateful for how the day turned out.","['took', 'short', 'trip', 'countryside', 'nice', 'change', 'scenery', 'refreshing', 'explored', 'countryside', 'first', 'time', 'such', 'great', 'way', 'break', 'routine', 'grateful', 'how', 'day', 'turned']",41,220,3
2025-02-13,Missed a call from my parents and felt a bit guilty about not making more time for them lately. Need to get more rest tonight.,3,3,3,family,2025-02-13,Missed a call from my parents and felt a bit guilty about not making more time for them lately. Need to get more rest tonight.,missed a call from my parents and felt a bit guilty about not making more time for them lately. need to get more rest tonight.,"['missed', 'call', 'from', 'parents', 'bit', 'guilty', 'not', 'making', 'more', 'time', 'them', 'lately', 'need', 'get', 'more', 'rest', 'tonight']",25,126,2
2025-02-14,Did a bit of writing but got distracted halfway through. Thought about picking photography back up today but didn't get to it. Ready to see what tomorrow brings.,6,4,6,"reading, music",2025-02-14,Did a bit of writing but got distracted halfway through. Thought about picking photography back up today but didn't get to it. Ready to see what tomorrow brings.,did a bit of writing but got distracted halfway through. thought about picking photography back up today but didn't get to it. ready to see what tomorrow brings.,"['bit', 'writing', 'got', 'distracted', 'halfway', 'through', 'thought', 'picking', 'photography', ""didn't"", 'get', 'ready', 'see', 'what', 'tomorrow', 'brings']",28,161,3
2025-02-15,"Slept badly last night and it affected the whole day. Couldn't really relax today even though I had the time, mind was too restless.",3,3,3,"rest, sleep, weekend",2025-02-15,"Slept badly last night and it affected the whole day. Couldn't really relax today even though I had the time, mind was too restless.","slept badly last night and it affected the whole day. couldn't really relax today even though i had the time, mind was too restless.","['slept', 'badly', 'last', 'night', 'affected', 'whole', 'day', ""couldn't"", 'relax', 'even', 'though', 'time', 'mind', 'too', 'restless']",24,132,2
2025-02-18,"Did a light run session, nothing intense, just kept the habit going. Just an ordinary day overall.",7,6,6,"health, fitness",2025-02-18,"Did a light run session, nothing intense, just kept the habit going. Just an ordinary day overall.","did a light run session, nothing intense, just kept the habit going. just an ordinary day overall.","['light', 'run', 'session', 'nothing', 'intense', 'kept', 'habit', 'going', 'ordinary', 'day', 'overall']",17,98,2
2025-02-19,"Despite the upcoming assignment due date, I felt in control today and made good progress preparing for it.",7,5,6,"anxiety, exam",2025-02-19,"Despite the upcoming assignment due date, I felt in control today and made good progress preparing for it.","despite the upcoming assignment due date, i felt in control today and made good progress preparing for it.","['despite', 'upcoming', 'assignment', 'due', 'date', 'control', 'made', 'good', 'progress', 'preparing']",18,106,1
2025-02-20,Struggled a lot with hypothesis testing — statistics is starting to feel overwhelming.,5,4,5,learning,2025-02-20,Struggled a lot with hypothesis testing — statistics is starting to feel overwhelming.,struggled a lot with hypothesis testing  statistics is starting to feel overwhelming.,"['struggled', 'lot', 'hypothesis', 'testing', 'statistics', 'starting', 'overwhelming']",13,86,1
2025-02-22,Did a bit of playing guitar but got distracted halfway through. Ready to see what tomorrow brings.,5,6,4,"creativity, hobbies",2025-02-22,Did a bit of playing guitar but got distracted halfway through. Ready to see what tomorrow brings.,did a bit of playing guitar but got distracted halfway through. ready to see what tomorrow brings.,"['bit', 'playing', 'guitar', 'got', 'distracted', 'halfway', 'through', 'ready', 'see', 'what', 'tomorrow', 'brings']",17,98,2
2025-02-23,Had a lovely time with my sibling — we went for a long walk and it lifted my mood a lot. Ending the day in a good mood.,6,6,5,family,2025-02-23,Had a lovely time with my sibling — we went for a long walk and it lifted my mood a lot. Ending the day in a good mood.,had a lovely time with my sibling  we went for a long walk and it lifted my mood a lot. ending the day in a good mood.,"['lovely', 'time', 'sibling', 'we', 'went', 'long', 'walk', 'lifted', 'mood', 'lot', 'ending', 'day', 'good', 'mood']",28,119,2
2025-02-24,Wanted to spend time on writing today but couldn't find the motivation.,4,3,4,"hobbies, creativity, reading",2025-02-24,Wanted to spend time on writing today but couldn't find the motivation.,wanted to spend time on writing today but couldn't find the motivation.,"['wanted', 'spend', 'time', 'writing', ""couldn't"", 'find', 'motivation']",12,71,1
2025-02-26,"Fairly lazy day overall, mixed a bit of rest with a few small chores. Ready to see what tomorrow brings.",7,7,6,"relaxation, sleep",2025-02-26,"Fairly lazy day overall, mixed a bit of rest with a few small chores. Ready to see what tomorrow brings.","fairly lazy day overall, mixed a bit of rest with a few small chores. ready to see what tomorrow brings.","['fairly', 'lazy', 'day', 'overall', 'mixed', 'bit', 'rest', 'few', 'small', 'chores', 'ready', 'see', 'what', 'tomorrow', 'brings']",20,104,2
2025-02-27,"Read through some notes on joins but didn't get much hands-on pandas practice done. Spent some time reviewing Python, mostly going over feature engineering again.",5,3,3,"learning, coding",2025-02-27,"Read through some notes on joins but didn't get much hands-on pandas practice done. Spent some time reviewing Python, mostly going over feature engineering again.","read through some notes on joins but didn't get much hands-on pandas practice done. spent some time reviewing python, mostly going over feature engineering again.","['read', 'through', 'notes', 'joins', ""didn't"", 'get', 'much', 'hands', 'pandas', 'practice', 'done', 'spent', 'time', 'reviewing', 'python', 'mostly', 'going', 'feature', 'engineering']",25,162,2
2025-02-28,"Barely got through any machine learning today, my focus on hypothesis testing kept slipping. Need to get more rest tonight.",2,4,2,coding,2025-02-28,"Barely got through any machine learning today, my focus on hypothesis testing kept slipping. Need to get more rest tonight.","barely got through any machine learning today, my focus on hypothesis testing kept slipping. need to get more rest tonight.","['barely', 'got', 'through', 'any', 'machine', 'learning', 'focus', 'hypothesis', 'testing', 'kept', 'slipping', 'need', 'get', 'more', 'rest', 'tonight']",20,123,2
2025-03-01,"Looked into travel options for a new part of the city, nothing booked yet. Thinking about planning a trip to the coast sometime soon, haven't decided yet. Ready to see what tomorrow brings.",6,5,5,"adventure, weekend",2025-03-01,"Looked into travel options for a new part of the city, nothing booked yet. Thinking about planning a trip to the coast sometime soon, haven't decided yet. Ready to see what tomorrow brings.","looked into travel options for a new part of the city, nothing booked yet. thinking about planning a trip to the coast sometime soon, haven't decided yet. ready to see what tomorrow brings.","['looked', 'into', 'travel', 'options', 'new', 'part', 'city', 'nothing', 'booked', 'yet', 'thinking', 'planning', 'trip', 'coast', 'sometime', 'soon', ""haven't"", 'decided', 'yet', 'ready', 'see', 'what', 'tomorrow', 'brings']",33,189,3
2025-03-02,"Couldn't really relax today even though I had the time, mind was too restless.",4,3,3,rest,2025-03-02,"Couldn't really relax today even though I had the time, mind was too restless.","couldn't really relax today even though i had the time, mind was too restless.","[""couldn't"", 'relax', 'even', 'though', 'time', 'mind', 'too', 'restless']",14,78,1
2025-03-03,"Managed to fit in a good run session, my energy levels were noticeably higher afterward.",5,7,7,"fitness, health",2025-03-03,"Managed to fit in a good run session, my energy levels were noticeably higher afterward.","managed to fit in a good run session, my energy levels were noticeably higher afterward.","['managed', 'fit', 'good', 'run', 'session', 'energy', 'levels', 'noticeably', 'higher', 'afterward']",15,88,1
2025-03-04,"Did a light swim session, nothing intense, just kept the habit going. Just an ordinary day overall.",3,5,4,"fitness, health",2025-03-04,"Did a light swim session, nothing intense, just kept the habit going. Just an ordinary day overall.","did a light swim session, nothing intense, just kept the habit going. just an ordinary day overall.","['light', 'swim', 'session', 'nothing', 'intense', 'kept', 'habit', 'going', 'ordinary', 'day', 'overall']",17,99,2
2025-03-05,"Looked into travel options for the coast, nothing booked yet.",6,8,6,"travel, weekend",2025-03-05,"Looked into travel options for the coast, nothing booked yet.","looked into travel options for the coast, nothing booked yet.","['looked', 'into', 'travel', 'options', 'coast', 'nothing', 'booked', 'yet']",10,61,1
2025-03-06,Rough day at work — a few pending tickets kept getting delayed and I felt behind the whole time.,4,4,6,work,2025-03-06,Rough day at work — a few pending tickets kept getting delayed and I felt behind the whole time.,rough day at work  a few pending tickets kept getting delayed and i felt behind the whole time.,"['rough', 'day', 'work', 'few', 'pending', 'tickets', 'kept', 'getting', 'delayed', 'behind', 'whole', 'time']",19,96,1
2025-03-07,I made real progress on pandas today — hypothesis testing finally clicked after struggling with it for a while.,7,9,5,"coding, learning, study",2025-03-07,I made real progress on pandas today — hypothesis testing finally clicked after struggling with it for a while.,i made real progress on pandas today  hypothesis testing finally clicked after struggling with it for a while.,"['made', 'real', 'progress', 'pandas', 'hypothesis', 'testing', 'finally', 'clicked', 'after', 'struggling', 'while']",19,111,1
2025-03-09,"Fairly lazy day overall, mixed a bit of rest with a few small chores.",4,5,3,"sleep, rest",2025-03-09,"Fairly lazy day overall, mixed a bit of rest with a few small chores.","fairly lazy day overall, mixed a bit of rest with a few small chores.","['fairly', 'lazy', 'day', 'overall', 'mixed', 'bit', 'rest', 'few', 'small', 'chores']",14,69,1
2025-03-11,"Fairly lazy day overall, mixed a bit of rest with a few small chores. Nothing particularly stands out about today.",6,5,5,weekend,2025-03-11,"Fairly lazy day overall, mixed a bit of rest with a few small chores. Nothing particularly stands out about today.","fairly lazy day overall, mixed a bit of rest with a few small chores. nothing particularly stands out about today.","['fairly', 'lazy', 'day', 'overall', 'mixed', 'bit', 'rest', 'few', 'small', 'chores', 'nothing', 'stands']",20,114,2
2025-03-12,"Fairly lazy day overall, mixed a bit of rest with a few small chores.",7,9,10,"relaxation, rest",2025-03-12,"Fairly lazy day overall, mixed a bit of rest with a few small chores.","fairly lazy day overall, mixed a bit of rest with a few small chores.","['fairly', 'lazy', 'day', 'overall', 'mixed', 'bit', 'rest', 'few', 'small', 'chores']",14,69,1
2025-03-13,"Did a bit of pandas practice today, nothing major, just consolidating correlation vs causation. Read through some notes on joins but didn't get much hands-on machine learning practice done. Just an ordinary day overall.",5,3,7,"learning, study, coding",2025-03-13,"Did a bit of pandas practice today, nothing major, just consolidating correlation vs causation. Read through some notes on joins but didn't get much hands-on machine learning practice done. Just an ordinary day overall.","did a bit of pandas practice today, nothing major, just consolidating correlation vs causation. read through some notes on joins but didn't get much hands-on machine learning practice done. just an ordinary day overall.","['bit', 'pandas', 'practice', 'nothing', 'major', 'consolidating', 'correlation', 'vs', 'causation', 'read', 'through', 'notes', 'joins', ""didn't"", 'get', 'much', 'hands', 'machine', 'learning', 'practice', 'done', 'ordinary', 'day', 'overall']",34,219,3
2025-03-14,Slept badly last night and it affected the whole day.,4,4,4,"relaxation, rest",2025-03-14,Slept badly last night and it affected the whole day.,slept badly last night and it affected the whole day.,"['slept', 'badly', 'last', 'night', 'affected', 'whole', 'day']",10,53,1
2025-03-15,Went for a yoga session this morning and felt really energized for the rest of the day. Ending the day in a good mood.,8,7,5,"fitness, health, wellbeing",2025-03-15,Went for a yoga session this morning and felt really energized for the rest of the day. Ending the day in a good mood.,went for a yoga session this morning and felt really energized for the rest of the day. ending the day in a good mood.,"['went', 'yoga', 'session', 'morning', 'energized', 'rest', 'day', 'ending', 'day', 'good', 'mood']",24,118,2
2025-03-16,Missed a call from my family and felt a bit guilty about not making more time for them lately. Had a small disagreement with my sibling today which put a bit of a damper on the day. Today was harder than expected.,3,3,5,"family, friends, relationships",2025-03-16,Missed a call from my family and felt a bit guilty about not making more time for them lately. Had a small disagreement with my sibling today which put a bit of a damper on the day. Today was harder than expected.,missed a call from my family and felt a bit guilty about not making more time for them lately. had a small disagreement with my sibling today which put a bit of a damper on the day. today was harder than expected.,"['missed', 'call', 'from', 'family', 'bit', 'guilty', 'not', 'making', 'more', 'time', 'them', 'lately', 'small', 'disagreement', 'sibling', 'which', 'put', 'bit', 'damper', 'day', 'harder', 'than', 'expected']",42,213,3
2025-03-17,"Thinking about the job interview a lot today but haven't really started preparing yet. A fairly typical day, all things considered.",6,5,4,"stress, deadline",2025-03-17,"Thinking about the job interview a lot today but haven't really started preparing yet. A fairly typical day, all things considered.","thinking about the job interview a lot today but haven't really started preparing yet. a fairly typical day, all things considered.","['thinking', 'job', 'interview', 'lot', ""haven't"", 'started', 'preparing', 'yet', 'fairly', 'typical', 'day', 'all', 'things', 'considered']",21,131,2
2025-03-18,"Woke up tired and skipped walk entirely, energy was low all day. Didn't get any yoga session in today and felt sluggish because of it.",3,7,3,"wellbeing, fitness",2025-03-18,"Woke up tired and skipped walk entirely, energy was low all day. Didn't get any yoga session in today and felt sluggish because of it.","woke up tired and skipped walk entirely, energy was low all day. didn't get any yoga session in today and felt sluggish because of it.","['woke', 'tired', 'skipped', 'walk', 'entirely', 'energy', 'low', 'all', 'day', ""didn't"", 'get', 'any', 'yoga', 'session', 'sluggish', 'because']",25,134,2
2025-03-19,Managed my anxiety about the presentation well today by breaking the work into smaller pieces.,6,8,7,deadline,2025-03-19,Managed my anxiety about the presentation well today by breaking the work into smaller pieces.,managed my anxiety about the presentation well today by breaking the work into smaller pieces.,"['managed', 'anxiety', 'presentation', 'well', 'by', 'breaking', 'work', 'into', 'smaller', 'pieces']",15,94,1
2025-03-20,"Quiet day, spoke with a close friend for a bit over the phone. Saw a close friend briefly today, exchanged a few messages, nothing major.",5,5,6,"friends, weekend, family",2025-03-20,"Quiet day, spoke with a close friend for a bit over the phone. Saw a close friend briefly today, exchanged a few messages, nothing major.","quiet day, spoke with a close friend for a bit over the phone. saw a close friend briefly today, exchanged a few messages, nothing major.","['quiet', 'day', 'spoke', 'close', 'friend', 'bit', 'phone', 'saw', 'close', 'friend', 'briefly', 'exchanged', 'few', 'messages', 'nothing', 'major']",25,137,2
2025-03-21,"The project deadline is coming up soon, feeling a mix of nervous and okay about it. Thinking about the job interview a lot today but haven't really started preparing yet. Nothing particularly stands out about today.",3,3,5,"stress, anxiety",2025-03-21,"The project deadline is coming up soon, feeling a mix of nervous and okay about it. Thinking about the job interview a lot today but haven't really started preparing yet. Nothing particularly stands out about today.","the project deadline is coming up soon, feeling a mix of nervous and okay about it. thinking about the job interview a lot today but haven't really started preparing yet. nothing particularly stands out about today.","['project', 'deadline', 'coming', 'soon', 'feeling', 'mix', 'nervous', 'okay', 'thinking', 'job', 'interview', 'lot', ""haven't"", 'started', 'preparing', 'yet', 'nothing', 'stands']",36,215,3
2025-03-22,"Managed to fit in a good walk session, my energy levels were noticeably higher afterward.",9,8,8,"wellbeing, exercise",2025-03-22,"Managed to fit in a good walk session, my energy levels were noticeably higher afterward.","managed to fit in a good walk session, my energy levels were noticeably higher afterward.","['managed', 'fit', 'good', 'walk', 'session', 'energy', 'levels', 'noticeably', 'higher', 'afterward']",15,89,1
2025-03-23,"Had a really productive day at work — cleared most of my a few pending tickets and even helped a coworker with theirs. Good day overall, made solid progress on a backlog of emails and the team meeting went smoothly. Ending the day in a good mood.",9,8,9,"work, productivity, meetings",2025-03-23,"Had a really productive day at work — cleared most of my a few pending tickets and even helped a coworker with theirs. Good day overall, made solid progress on a backlog of emails and the team meeting went smoothly. Ending the day in a good mood.","had a really productive day at work  cleared most of my a few pending tickets and even helped a coworker with theirs. good day overall, made solid progress on a backlog of emails and the team meeting went smoothly. ending the day in a good mood.","['productive', 'day', 'work', 'cleared', 'most', 'few', 'pending', 'tickets', 'even', 'helped', 'coworker', 'theirs', 'good', 'day', 'overall', 'made', 'solid', 'progress', 'backlog', 'emails', 'team', 'meeting', 'went', 'smoothly', 'ending', 'day', 'good', 'mood']",47,246,3
2025-03-24,"Had a productive study session on pandas, especially around overfitting.",8,7,5,"study, coding",2025-03-24,"Had a productive study session on pandas, especially around overfitting.","had a productive study session on pandas, especially around overfitting.","['productive', 'study', 'session', 'pandas', 'especially', 'around', 'overfitting']",10,72,1
2025-03-25,"Woke up tired and skipped walk entirely, energy was low all day. Need to get more rest tonight.",5,6,3,"wellbeing, fitness",2025-03-25,"Woke up tired and skipped walk entirely, energy was low all day. Need to get more rest tonight.","woke up tired and skipped walk entirely, energy was low all day. need to get more rest tonight.","['woke', 'tired', 'skipped', 'walk', 'entirely', 'energy', 'low', 'all', 'day', 'need', 'get', 'more', 'rest', 'tonight']",18,95,2
2025-03-26,"Quiet day, spoke with my parents for a bit over the phone. Saw my parents briefly today, exchanged a few messages, nothing major. Just an ordinary day overall.",6,3,4,"friends, family",2025-03-26,"Quiet day, spoke with my parents for a bit over the phone. Saw my parents briefly today, exchanged a few messages, nothing major. Just an ordinary day overall.","quiet day, spoke with my parents for a bit over the phone. saw my parents briefly today, exchanged a few messages, nothing major. just an ordinary day overall.","['quiet', 'day', 'spoke', 'parents', 'bit', 'phone', 'saw', 'parents', 'briefly', 'exchanged', 'few', 'messages', 'nothing', 'major', 'ordinary', 'day', 'overall']",28,159,3
2025-03-27,"Spent some time reviewing statistics, mostly going over hypothesis testing again. Ready to see what tomorrow brings.",6,6,6,"learning, python, study",2025-03-27,"Spent some time reviewing statistics, mostly going over hypothesis testing again. Ready to see what tomorrow brings.","spent some time reviewing statistics, mostly going over hypothesis testing again. ready to see what tomorrow brings.","['spent', 'time', 'reviewing', 'statistics', 'mostly', 'going', 'hypothesis', 'testing', 'ready', 'see', 'what', 'tomorrow', 'brings']",17,116,2
2025-03-28,"Thinking about planning a trip to a local market sometime soon, haven't decided yet. Looked into travel options for the nearby hill station, nothing booked yet.",8,6,7,"weekend, adventure",2025-03-28,"Thinking about planning a trip to a local market sometime soon, haven't decided yet. Looked into travel options for the nearby hill station, nothing booked yet.","thinking about planning a trip to a local market sometime soon, haven't decided yet. looked into travel options for the nearby hill station, nothing booked yet.","['thinking', 'planning', 'trip', 'local', 'market', 'sometime', 'soon', ""haven't"", 'decided', 'yet', 'looked', 'into', 'travel', 'options', 'nearby', 'hill', 'station', 'nothing', 'booked', 'yet']",26,160,2
2025-03-29,Wanted to spend time on writing today but couldn't find the motivation. Trying not to be too hard on myself about it.,3,2,1,"hobbies, reading, music",2025-03-29,Wanted to spend time on writing today but couldn't find the motivation. Trying not to be too hard on myself about it.,wanted to spend time on writing today but couldn't find the motivation. trying not to be too hard on myself about it.,"['wanted', 'spend', 'time', 'writing', ""couldn't"", 'find', 'motivation', 'trying', 'not', 'too', 'hard', 'myself']",22,117,2
2025-03-30,Wanted to spend time on writing today but couldn't find the motivation.,4,5,2,creativity,2025-03-30,Wanted to spend time on writing today but couldn't find the motivation.,wanted to spend time on writing today but couldn't find the motivation.,"['wanted', 'spend', 'time', 'writing', ""couldn't"", 'find', 'motivation']",12,71,1
2025-03-31,"The project deadline is coming up soon, feeling a mix of nervous and okay about it.",5,5,7,"stress, exam",2025-03-31,"The project deadline is coming up soon, feeling a mix of nervous and okay about it.","the project deadline is coming up soon, feeling a mix of nervous and okay about it.","['project', 'deadline', 'coming', 'soon', 'feeling', 'mix', 'nervous', 'okay']",16,83,1
2025-04-01,"Spent most of the day on a few pending tickets, nothing particularly noteworthy happened. Ready to see what tomorrow brings.",8,6,6,"work, career",2025-04-01,"Spent most of the day on a few pending tickets, nothing particularly noteworthy happened. Ready to see what tomorrow brings.","spent most of the day on a few pending tickets, nothing particularly noteworthy happened. ready to see what tomorrow brings.","['spent', 'most', 'day', 'few', 'pending', 'tickets', 'nothing', 'noteworthy', 'happened', 'ready', 'see', 'what', 'tomorrow', 'brings']",20,124,2
2025-04-03,"Fairly lazy day overall, mixed a bit of rest with a few small chores.",6,5,4,rest,2025-04-03,"Fairly lazy day overall, mixed a bit of rest with a few small chores.","fairly lazy day overall, mixed a bit of rest with a few small chores.","['fairly', 'lazy', 'day', 'overall', 'mixed', 'bit', 'rest', 'few', 'small', 'chores']",14,69,1
2025-04-04,"Fairly average day at work, mostly just handled a backlog of emails without much excitement. Just an ordinary day overall.",6,9,8,"meetings, productivity",2025-04-04,"Fairly average day at work, mostly just handled a backlog of emails without much excitement. Just an ordinary day overall.","fairly average day at work, mostly just handled a backlog of emails without much excitement. just an ordinary day overall.","['fairly', 'average', 'day', 'work', 'mostly', 'handled', 'backlog', 'emails', 'without', 'much', 'excitement', 'ordinary', 'day', 'overall']",20,122,2
2025-04-05,"Did a light yoga session session, nothing intense, just kept the habit going. Skipped my usual run today but ate reasonably well.",4,3,3,"wellbeing, exercise",2025-04-05,"Did a light yoga session session, nothing intense, just kept the habit going. Skipped my usual run today but ate reasonably well.","did a light yoga session session, nothing intense, just kept the habit going. skipped my usual run today but ate reasonably well.","['light', 'yoga', 'session', 'session', 'nothing', 'intense', 'kept', 'habit', 'going', 'skipped', 'usual', 'run', 'ate', 'reasonably', 'well']",22,129,2
2025-04-06,"Saw my parents briefly today, exchanged a few messages, nothing major. Quiet day, spoke with my sibling for a bit over the phone.",8,5,5,weekend,2025-04-06,"Saw my parents briefly today, exchanged a few messages, nothing major. Quiet day, spoke with my sibling for a bit over the phone.","saw my parents briefly today, exchanged a few messages, nothing major. quiet day, spoke with my sibling for a bit over the phone.","['saw', 'parents', 'briefly', 'exchanged', 'few', 'messages', 'nothing', 'major', 'quiet', 'day', 'spoke', 'sibling', 'bit', 'phone']",23,129,2
2025-04-07,Anxiety about the job interview made it hard to get anything meaningful done today. Trying not to be too hard on myself about it.,2,1,2,"stress, exam, deadline",2025-04-07,Anxiety about the job interview made it hard to get anything meaningful done today. Trying not to be too hard on myself about it.,anxiety about the job interview made it hard to get anything meaningful done today. trying not to be too hard on myself about it.,"['anxiety', 'job', 'interview', 'made', 'hard', 'get', 'anything', 'meaningful', 'done', 'trying', 'not', 'too', 'hard', 'myself']",24,129,2
2025-04-08,Wanted to spend time on writing today but couldn't find the motivation. Today was harder than expected.,3,1,2,"creativity, reading, music",2025-04-08,Wanted to spend time on writing today but couldn't find the motivation. Today was harder than expected.,wanted to spend time on writing today but couldn't find the motivation. today was harder than expected.,"['wanted', 'spend', 'time', 'writing', ""couldn't"", 'find', 'motivation', 'harder', 'than', 'expected']",17,103,2
2025-04-09,"Finished a few pending tickets ahead of schedule today, which felt great going into the weekend. Looking forward to more days like this.",7,7,10,"productivity, work, career",2025-04-09,"Finished a few pending tickets ahead of schedule today, which felt great going into the weekend. Looking forward to more days like this.","finished a few pending tickets ahead of schedule today, which felt great going into the weekend. looking forward to more days like this.","['finished', 'few', 'pending', 'tickets', 'ahead', 'schedule', 'which', 'great', 'going', 'into', 'weekend', 'looking', 'forward', 'more', 'days', 'like']",23,136,2
2025-04-10,Worked through a tricky problem involving joins and felt genuinely satisfied once it worked. Ending the day in a good mood.,9,9,10,"coding, learning",2025-04-10,Worked through a tricky problem involving joins and felt genuinely satisfied once it worked. Ending the day in a good mood.,worked through a tricky problem involving joins and felt genuinely satisfied once it worked. ending the day in a good mood.,"['worked', 'through', 'tricky', 'problem', 'involving', 'joins', 'genuinely', 'satisfied', 'once', 'worked', 'ending', 'day', 'good', 'mood']",21,123,2
2025-04-11,"Good day overall, made solid progress on a few pending tickets and the team meeting went smoothly.",8,9,10,"meetings, productivity",2025-04-11,"Good day overall, made solid progress on a few pending tickets and the team meeting went smoothly.","good day overall, made solid progress on a few pending tickets and the team meeting went smoothly.","['good', 'day', 'overall', 'made', 'solid', 'progress', 'few', 'pending', 'tickets', 'team', 'meeting', 'went', 'smoothly']",17,98,1
2025-04-12,Went for a yoga session this morning and felt really energized for the rest of the day. Overall a pretty good day.,7,7,5,"fitness, exercise",2025-04-12,Went for a yoga session this morning and felt really energized for the rest of the day. Overall a pretty good day.,went for a yoga session this morning and felt really energized for the rest of the day. overall a pretty good day.,"['went', 'yoga', 'session', 'morning', 'energized', 'rest', 'day', 'overall', 'pretty', 'good', 'day']",22,114,2
2025-04-13,"Quiet day, spoke with a close friend for a bit over the phone. Saw my parents briefly today, exchanged a few messages, nothing major. Nothing particularly stands out about today.",6,6,4,friends,2025-04-13,"Quiet day, spoke with a close friend for a bit over the phone. Saw my parents briefly today, exchanged a few messages, nothing major. Nothing particularly stands out about today.","quiet day, spoke with a close friend for a bit over the phone. saw my parents briefly today, exchanged a few messages, nothing major. nothing particularly stands out about today.","['quiet', 'day', 'spoke', 'close', 'friend', 'bit', 'phone', 'saw', 'parents', 'briefly', 'exchanged', 'few', 'messages', 'nothing', 'major', 'nothing', 'stands']",30,178,3
2025-04-14,"Thinking about planning a trip to a new part of the city sometime soon, haven't decided yet. Looked into travel options for a local market, nothing booked yet. A fairly typical day, all things considered.",7,7,7,travel,2025-04-14,"Thinking about planning a trip to a new part of the city sometime soon, haven't decided yet. Looked into travel options for a local market, nothing booked yet. A fairly typical day, all things considered.","thinking about planning a trip to a new part of the city sometime soon, haven't decided yet. looked into travel options for a local market, nothing booked yet. a fairly typical day, all things considered.","['thinking', 'planning', 'trip', 'new', 'part', 'city', 'sometime', 'soon', ""haven't"", 'decided', 'yet', 'looked', 'into', 'travel', 'options', 'local', 'market', 'nothing', 'booked', 'yet', 'fairly', 'typical', 'day', 'all', 'things', 'considered']",35,204,3
2025-04-15,"Fairly average day at work, mostly just handled the project deadline without much excitement. Just an ordinary day overall.",6,5,6,productivity,2025-04-15,"Fairly average day at work, mostly just handled the project deadline without much excitement. Just an ordinary day overall.","fairly average day at work, mostly just handled the project deadline without much excitement. just an ordinary day overall.","['fairly', 'average', 'day', 'work', 'mostly', 'handled', 'project', 'deadline', 'without', 'much', 'excitement', 'ordinary', 'day', 'overall']",19,123,2
2025-04-16,"Spent some time reviewing Python, mostly going over overfitting again. Ready to see what tomorrow brings.",8,7,6,"data science, python, learning",2025-04-16,"Spent some time reviewing Python, mostly going over overfitting again. Ready to see what tomorrow brings.","spent some time reviewing python, mostly going over overfitting again. ready to see what tomorrow brings.","['spent', 'time', 'reviewing', 'python', 'mostly', 'going', 'overfitting', 'ready', 'see', 'what', 'tomorrow', 'brings']",16,105,2
2025-04-17,Wanted to spend time on writing today but couldn't find the motivation.,3,6,5,reading,2025-04-17,Wanted to spend time on writing today but couldn't find the motivation.,wanted to spend time on writing today but couldn't find the motivation.,"['wanted', 'spend', 'time', 'writing', ""couldn't"", 'find', 'motivation']",12,71,1
2025-04-18,"Did a light gym workout session, nothing intense, just kept the habit going. Ready to see what tomorrow brings.",4,7,7,"wellbeing, exercise",2025-04-18,"Did a light gym workout session, nothing intense, just kept the habit going. Ready to see what tomorrow brings.","did a light gym workout session, nothing intense, just kept the habit going. ready to see what tomorrow brings.","['light', 'gym', 'workout', 'session', 'nothing', 'intense', 'kept', 'habit', 'going', 'ready', 'see', 'what', 'tomorrow', 'brings']",19,111,2
2025-04-19,Missed a call from my sibling and felt a bit guilty about not making more time for them lately. Had a small disagreement with my sibling today which put a bit of a damper on the day. Hoping tomorrow goes a bit better.,4,5,4,"friends, relationships",2025-04-19,Missed a call from my sibling and felt a bit guilty about not making more time for them lately. Had a small disagreement with my sibling today which put a bit of a damper on the day. Hoping tomorrow goes a bit better.,missed a call from my sibling and felt a bit guilty about not making more time for them lately. had a small disagreement with my sibling today which put a bit of a damper on the day. hoping tomorrow goes a bit better.,"['missed', 'call', 'from', 'sibling', 'bit', 'guilty', 'not', 'making', 'more', 'time', 'them', 'lately', 'small', 'disagreement', 'sibling', 'which', 'put', 'bit', 'damper', 'day', 'hoping', 'tomorrow', 'goes', 'bit', 'better']",43,217,3
2025-04-20,"Fairly average day at work, mostly just handled a backlog of emails without much excitement. Ready to see what tomorrow brings.",5,5,5,"productivity, work, meetings",2025-04-20,"Fairly average day at work, mostly just handled a backlog of emails without much excitement. Ready to see what tomorrow brings.","fairly average day at work, mostly just handled a backlog of emails without much excitement. ready to see what tomorrow brings.","['fairly', 'average', 'day', 'work', 'mostly', 'handled', 'backlog', 'emails', 'without', 'much', 'excitement', 'ready', 'see', 'what', 'tomorrow', 'brings']",21,127,2
2025-04-21,Had a really productive day at work — cleared most of my a backlog of emails and even helped a coworker with theirs.,5,8,8,"meetings, work",2025-04-21,Had a really productive day at work — cleared most of my a backlog of emails and even helped a coworker with theirs.,had a really productive day at work  cleared most of my a backlog of emails and even helped a coworker with theirs.,"['productive', 'day', 'work', 'cleared', 'most', 'backlog', 'emails', 'even', 'helped', 'coworker', 'theirs']",23,116,1
2025-04-22,"Thinking about the exam a lot today but haven't really started preparing yet. A fairly typical day, all things considered.",6,4,7,"anxiety, stress",2025-04-22,"Thinking about the exam a lot today but haven't really started preparing yet. A fairly typical day, all things considered.","thinking about the exam a lot today but haven't really started preparing yet. a fairly typical day, all things considered.","['thinking', 'exam', 'lot', ""haven't"", 'started', 'preparing', 'yet', 'fairly', 'typical', 'day', 'all', 'things', 'considered']",20,122,2
2025-04-23,"Finished the project deadline ahead of schedule today, which felt great going into the weekend.",7,10,8,"work, productivity, meetings",2025-04-23,"Finished the project deadline ahead of schedule today, which felt great going into the weekend.","finished the project deadline ahead of schedule today, which felt great going into the weekend.","['finished', 'project', 'deadline', 'ahead', 'schedule', 'which', 'great', 'going', 'into', 'weekend']",15,95,1
2025-04-24,"Looked into travel options for the nearby hill station, nothing booked yet. Thinking about planning a trip to a new part of the city sometime soon, haven't decided yet.",5,5,8,adventure,2025-04-24,"Looked into travel options for the nearby hill station, nothing booked yet. Thinking about planning a trip to a new part of the city sometime soon, haven't decided yet.","looked into travel options for the nearby hill station, nothing booked yet. thinking about planning a trip to a new part of the city sometime soon, haven't decided yet.","['looked', 'into', 'travel', 'options', 'nearby', 'hill', 'station', 'nothing', 'booked', 'yet', 'thinking', 'planning', 'trip', 'new', 'part', 'city', 'sometime', 'soon', ""haven't"", 'decided', 'yet']",29,168,2
2025-04-25,Skipped my usual swim today but ate reasonably well.,8,8,7,"exercise, fitness",2025-04-25,Skipped my usual swim today but ate reasonably well.,skipped my usual swim today but ate reasonably well.,"['skipped', 'usual', 'swim', 'ate', 'reasonably', 'well']",9,52,1
2025-04-26,"Did absolutely nothing productive today and it felt great, exactly the break I needed. Grateful for how the day turned out.",9,10,8,"rest, sleep",2025-04-26,"Did absolutely nothing productive today and it felt great, exactly the break I needed. Grateful for how the day turned out.","did absolutely nothing productive today and it felt great, exactly the break i needed. grateful for how the day turned out.","['absolutely', 'nothing', 'productive', 'great', 'exactly', 'break', 'needed', 'grateful', 'how', 'day', 'turned']",21,123,2
2025-04-27,Thought about picking photography back up today but didn't get to it. Just an ordinary day overall.,6,8,4,"music, reading",2025-04-27,Thought about picking photography back up today but didn't get to it. Just an ordinary day overall.,thought about picking photography back up today but didn't get to it. just an ordinary day overall.,"['thought', 'picking', 'photography', ""didn't"", 'get', 'ordinary', 'day', 'overall']",17,99,2
2025-04-28,"Took a short trip to a local market today, it was a nice change of scenery and really refreshing. Explored the nearby hill station for the first time — such a great way to break the routine. Grateful for how the day turned out.",7,8,8,"adventure, weekend, travel",2025-04-28,"Took a short trip to a local market today, it was a nice change of scenery and really refreshing. Explored the nearby hill station for the first time — such a great way to break the routine. Grateful for how the day turned out.","took a short trip to a local market today, it was a nice change of scenery and really refreshing. explored the nearby hill station for the first time  such a great way to break the routine. grateful for how the day turned out.","['took', 'short', 'trip', 'local', 'market', 'nice', 'change', 'scenery', 'refreshing', 'explored', 'nearby', 'hill', 'station', 'first', 'time', 'such', 'great', 'way', 'break', 'routine', 'grateful', 'how', 'day', 'turned']",44,227,3
2025-04-29,"Managed to fit in a good walk session, my energy levels were noticeably higher afterward. Ending the day in a good mood.",9,7,9,"exercise, wellbeing",2025-04-29,"Managed to fit in a good walk session, my energy levels were noticeably higher afterward. Ending the day in a good mood.","managed to fit in a good walk session, my energy levels were noticeably higher afterward. ending the day in a good mood.","['managed', 'fit', 'good', 'walk', 'session', 'energy', 'levels', 'noticeably', 'higher', 'afterward', 'ending', 'day', 'good', 'mood']",22,120,2
2025-04-30,Didn't get any run in today and felt sluggish because of it.,4,6,5,exercise,2025-04-30,Didn't get any run in today and felt sluggish because of it.,didn't get any run in today and felt sluggish because of it.,"[""didn't"", 'get', 'any', 'run', 'sluggish', 'because']",12,60,1
2025-05-01,"Anxiety about the presentation made it hard to get anything meaningful done today. The presentation is weighing on me a lot, didn't sleep well because of it.",3,4,3,"anxiety, deadline",2025-05-01,"Anxiety about the presentation made it hard to get anything meaningful done today. The presentation is weighing on me a lot, didn't sleep well because of it.","anxiety about the presentation made it hard to get anything meaningful done today. the presentation is weighing on me a lot, didn't sleep well because of it.","['anxiety', 'presentation', 'made', 'hard', 'get', 'anything', 'meaningful', 'done', 'presentation', 'weighing', 'me', 'lot', ""didn't"", 'sleep', 'well', 'because']",27,157,2
2025-05-02,"Felt pretty drained after dealing with the quarterly report, didn't get much else done. Rough day at work — a client presentation kept getting delayed and I felt behind the whole time.",5,6,5,"productivity, meetings, career",2025-05-02,"Felt pretty drained after dealing with the quarterly report, didn't get much else done. Rough day at work — a client presentation kept getting delayed and I felt behind the whole time.","felt pretty drained after dealing with the quarterly report, didn't get much else done. rough day at work  a client presentation kept getting delayed and i felt behind the whole time.","['pretty', 'drained', 'after', 'dealing', 'quarterly', 'report', ""didn't"", 'get', 'much', 'else', 'done', 'rough', 'day', 'work', 'client', 'presentation', 'kept', 'getting', 'delayed', 'behind', 'whole', 'time']",32,184,2
2025-05-03,Missed a call from an old friend and felt a bit guilty about not making more time for them lately. Trying not to be too hard on myself about it.,2,2,2,"weekend, relationships",2025-05-03,Missed a call from an old friend and felt a bit guilty about not making more time for them lately. Trying not to be too hard on myself about it.,missed a call from an old friend and felt a bit guilty about not making more time for them lately. trying not to be too hard on myself about it.,"['missed', 'call', 'from', 'old', 'friend', 'bit', 'guilty', 'not', 'making', 'more', 'time', 'them', 'lately', 'trying', 'not', 'too', 'hard', 'myself']",30,144,2
2025-05-04,Went for a gym workout this morning and felt really energized for the rest of the day.,6,7,8,"wellbeing, health",2025-05-04,Went for a gym workout this morning and felt really energized for the rest of the day.,went for a gym workout this morning and felt really energized for the rest of the day.,"['went', 'gym', 'workout', 'morning', 'energized', 'rest', 'day']",17,86,1
2025-05-05,Missed a call from an old friend and felt a bit guilty about not making more time for them lately.,5,4,5,friends,2025-05-05,Missed a call from an old friend and felt a bit guilty about not making more time for them lately.,missed a call from an old friend and felt a bit guilty about not making more time for them lately.,"['missed', 'call', 'from', 'old', 'friend', 'bit', 'guilty', 'not', 'making', 'more', 'time', 'them', 'lately']",20,98,1
2025-05-06,"Woke up tired and skipped run entirely, energy was low all day.",5,6,5,"health, fitness, wellbeing",2025-05-06,"Woke up tired and skipped run entirely, energy was low all day.","woke up tired and skipped run entirely, energy was low all day.","['woke', 'tired', 'skipped', 'run', 'entirely', 'energy', 'low', 'all', 'day']",12,63,1
2025-05-07,Thinking about the presentation a lot today but haven't really started preparing yet.,6,5,6,"deadline, anxiety",2025-05-07,Thinking about the presentation a lot today but haven't really started preparing yet.,thinking about the presentation a lot today but haven't really started preparing yet.,"['thinking', 'presentation', 'lot', ""haven't"", 'started', 'preparing', 'yet']",13,85,1
2025-05-08,"The job interview is coming up soon, feeling a mix of nervous and okay about it.",6,7,4,"stress, deadline, anxiety",2025-05-08,"The job interview is coming up soon, feeling a mix of nervous and okay about it.","the job interview is coming up soon, feeling a mix of nervous and okay about it.","['job', 'interview', 'coming', 'soon', 'feeling', 'mix', 'nervous', 'okay']",16,80,1
2025-05-09,Thinking about the exam a lot today but haven't really started preparing yet. Just an ordinary day overall.,7,4,4,anxiety,2025-05-09,Thinking about the exam a lot today but haven't really started preparing yet. Just an ordinary day overall.,thinking about the exam a lot today but haven't really started preparing yet. just an ordinary day overall.,"['thinking', 'exam', 'lot', ""haven't"", 'started', 'preparing', 'yet', 'ordinary', 'day', 'overall']",18,107,2
2025-05-10,"Saw my parents briefly today, exchanged a few messages, nothing major.",7,6,7,"weekend, friends",2025-05-10,"Saw my parents briefly today, exchanged a few messages, nothing major.","saw my parents briefly today, exchanged a few messages, nothing major.","['saw', 'parents', 'briefly', 'exchanged', 'few', 'messages', 'nothing', 'major']",11,70,1
2025-05-11,"Great day with an old friend, nothing planned but it turned out to be one of the better days recently. Feeling optimistic about tomorrow.",8,8,10,"friends, relationships, family",2025-05-11,"Great day with an old friend, nothing planned but it turned out to be one of the better days recently. Feeling optimistic about tomorrow.","great day with an old friend, nothing planned but it turned out to be one of the better days recently. feeling optimistic about tomorrow.","['great', 'day', 'old', 'friend', 'nothing', 'planned', 'turned', 'one', 'better', 'days', 'recently', 'feeling', 'optimistic', 'tomorrow']",24,137,2
2025-05-12,"The exam is coming up soon, feeling a mix of nervous and okay about it.",3,8,5,"deadline, anxiety, stress",2025-05-12,"The exam is coming up soon, feeling a mix of nervous and okay about it.","the exam is coming up soon, feeling a mix of nervous and okay about it.","['exam', 'coming', 'soon', 'feeling', 'mix', 'nervous', 'okay']",15,71,1
2025-05-14,"Fairly lazy day overall, mixed a bit of rest with a few small chores.",7,4,4,"weekend, rest, relaxation",2025-05-14,"Fairly lazy day overall, mixed a bit of rest with a few small chores.","fairly lazy day overall, mixed a bit of rest with a few small chores.","['fairly', 'lazy', 'day', 'overall', 'mixed', 'bit', 'rest', 'few', 'small', 'chores']",14,69,1
2025-05-15,"Barely got through any SQL today, my focus on overfitting kept slipping. Today was harder than expected.",2,4,4,study,2025-05-15,"Barely got through any SQL today, my focus on overfitting kept slipping. Today was harder than expected.","barely got through any sql today, my focus on overfitting kept slipping. today was harder than expected.","['barely', 'got', 'through', 'any', 'sql', 'focus', 'overfitting', 'kept', 'slipping', 'harder', 'than', 'expected']",17,104,2
2025-05-16,"Did a light yoga session session, nothing intense, just kept the habit going. Skipped my usual gym workout today but ate reasonably well.",4,3,6,"exercise, fitness",2025-05-16,"Did a light yoga session session, nothing intense, just kept the habit going. Skipped my usual gym workout today but ate reasonably well.","did a light yoga session session, nothing intense, just kept the habit going. skipped my usual gym workout today but ate reasonably well.","['light', 'yoga', 'session', 'session', 'nothing', 'intense', 'kept', 'habit', 'going', 'skipped', 'usual', 'gym', 'workout', 'ate', 'reasonably', 'well']",23,137,2
2025-05-17,"Saw my family briefly today, exchanged a few messages, nothing major. Quiet day, spoke with my parents for a bit over the phone.",6,6,5,weekend,2025-05-17,"Saw my family briefly today, exchanged a few messages, nothing major. Quiet day, spoke with my parents for a bit over the phone.","saw my family briefly today, exchanged a few messages, nothing major. quiet day, spoke with my parents for a bit over the phone.","['saw', 'family', 'briefly', 'exchanged', 'few', 'messages', 'nothing', 'major', 'quiet', 'day', 'spoke', 'parents', 'bit', 'phone']",23,128,2
2025-05-18,Worked through a tricky problem involving correlation vs causation and felt genuinely satisfied once it worked. Overall a pretty good day.,7,8,5,"coding, data science",2025-05-18,Worked through a tricky problem involving correlation vs causation and felt genuinely satisfied once it worked. Overall a pretty good day.,worked through a tricky problem involving correlation vs causation and felt genuinely satisfied once it worked. overall a pretty good day.,"['worked', 'through', 'tricky', 'problem', 'involving', 'correlation', 'vs', 'causation', 'genuinely', 'satisfied', 'once', 'worked', 'overall', 'pretty', 'good', 'day']",21,138,2
2025-05-19,"Fairly lazy day overall, mixed a bit of rest with a few small chores.",6,7,5,"weekend, sleep, relaxation",2025-05-19,"Fairly lazy day overall, mixed a bit of rest with a few small chores.","fairly lazy day overall, mixed a bit of rest with a few small chores.","['fairly', 'lazy', 'day', 'overall', 'mixed', 'bit', 'rest', 'few', 'small', 'chores']",14,69,1
2025-05-20,"Saw an old friend briefly today, exchanged a few messages, nothing major.",6,6,8,"weekend, family, friends",2025-05-20,"Saw an old friend briefly today, exchanged a few messages, nothing major.","saw an old friend briefly today, exchanged a few messages, nothing major.","['saw', 'old', 'friend', 'briefly', 'exchanged', 'few', 'messages', 'nothing', 'major']",12,73,1
2025-05-22,Missed a call from my parents and felt a bit guilty about not making more time for them lately. Had a small disagreement with my family today which put a bit of a damper on the day.,1,1,1,"family, weekend, friends",2025-05-22,Missed a call from my parents and felt a bit guilty about not making more time for them lately. Had a small disagreement with my family today which put a bit of a damper on the day.,missed a call from my parents and felt a bit guilty about not making more time for them lately. had a small disagreement with my family today which put a bit of a damper on the day.,"['missed', 'call', 'from', 'parents', 'bit', 'guilty', 'not', 'making', 'more', 'time', 'them', 'lately', 'small', 'disagreement', 'family', 'which', 'put', 'bit', 'damper', 'day']",37,181,2
2025-05-23,"Felt pretty drained after dealing with a few pending tickets, didn't get much else done.",5,4,4,"meetings, work",2025-05-23,"Felt pretty drained after dealing with a few pending tickets, didn't get much else done.","felt pretty drained after dealing with a few pending tickets, didn't get much else done.","['pretty', 'drained', 'after', 'dealing', 'few', 'pending', 'tickets', ""didn't"", 'get', 'much', 'else', 'done']",15,88,1
2025-05-24,"Did absolutely nothing productive today and it felt great, exactly the break I needed. Overall a pretty good day.",9,7,9,"sleep, relaxation",2025-05-24,"Did absolutely nothing productive today and it felt great, exactly the break I needed. Overall a pretty good day.","did absolutely nothing productive today and it felt great, exactly the break i needed. overall a pretty good day.","['absolutely', 'nothing', 'productive', 'great', 'exactly', 'break', 'needed', 'overall', 'pretty', 'good', 'day']",19,113,2
2025-05-25,"Fairly lazy day overall, mixed a bit of rest with a few small chores.",5,6,4,"sleep, weekend",2025-05-25,"Fairly lazy day overall, mixed a bit of rest with a few small chores.","fairly lazy day overall, mixed a bit of rest with a few small chores.","['fairly', 'lazy', 'day', 'overall', 'mixed', 'bit', 'rest', 'few', 'small', 'chores']",14,69,1
2025-05-26,Missed a call from my family and felt a bit guilty about not making more time for them lately.,4,5,7,"relationships, friends",2025-05-26,Missed a call from my family and felt a bit guilty about not making more time for them lately.,missed a call from my family and felt a bit guilty about not making more time for them lately.,"['missed', 'call', 'from', 'family', 'bit', 'guilty', 'not', 'making', 'more', 'time', 'them', 'lately']",19,94,1
2025-05-27,Wanted to spend time on photography today but couldn't find the motivation.,3,2,4,"hobbies, reading",2025-05-27,Wanted to spend time on photography today but couldn't find the motivation.,wanted to spend time on photography today but couldn't find the motivation.,"['wanted', 'spend', 'time', 'photography', ""couldn't"", 'find', 'motivation']",12,75,1
2025-05-28,"Fairly lazy day overall, mixed a bit of rest with a few small chores.",3,6,4,rest,2025-05-28,"Fairly lazy day overall, mixed a bit of rest with a few small chores.","fairly lazy day overall, mixed a bit of rest with a few small chores.","['fairly', 'lazy', 'day', 'overall', 'mixed', 'bit', 'rest', 'few', 'small', 'chores']",14,69,1
2025-05-29,"Fairly average day at work, mostly just handled the quarterly report without much excitement.",3,4,5,"career, work",2025-05-29,"Fairly average day at work, mostly just handled the quarterly report without much excitement.","fairly average day at work, mostly just handled the quarterly report without much excitement.","['fairly', 'average', 'day', 'work', 'mostly', 'handled', 'quarterly', 'report', 'without', 'much', 'excitement']",14,93,1
2025-05-30,"Spent some time reviewing machine learning, mostly going over gradient descent again. Did a bit of data visualization practice today, nothing major, just consolidating joins.",5,6,7,learning,2025-05-30,"Spent some time reviewing machine learning, mostly going over gradient descent again. Did a bit of data visualization practice today, nothing major, just consolidating joins.","spent some time reviewing machine learning, mostly going over gradient descent again. did a bit of data visualization practice today, nothing major, just consolidating joins.","['spent', 'time', 'reviewing', 'machine', 'learning', 'mostly', 'going', 'gradient', 'descent', 'bit', 'data', 'visualization', 'practice', 'nothing', 'major', 'consolidating', 'joins']",25,174,2
2025-05-31,Skipped my usual run today but ate reasonably well. Just an ordinary day overall.,4,7,4,"wellbeing, fitness",2025-05-31,Skipped my usual run today but ate reasonably well. Just an ordinary day overall.,skipped my usual run today but ate reasonably well. just an ordinary day overall.,"['skipped', 'usual', 'run', 'ate', 'reasonably', 'well', 'ordinary', 'day', 'overall']",14,81,2
2025-06-01,Worked through a tricky problem involving overfitting and felt genuinely satisfied once it worked.,8,8,7,"coding, python, data science",2025-06-01,Worked through a tricky problem involving overfitting and felt genuinely satisfied once it worked.,worked through a tricky problem involving overfitting and felt genuinely satisfied once it worked.,"['worked', 'through', 'tricky', 'problem', 'involving', 'overfitting', 'genuinely', 'satisfied', 'once', 'worked']",14,98,1
2025-06-03,"Made good progress on reading today, felt really fulfilling. Spent the evening on reading, completely lost track of time — it was exactly what I needed.",10,9,9,"creativity, music, hobbies",2025-06-03,"Made good progress on reading today, felt really fulfilling. Spent the evening on reading, completely lost track of time — it was exactly what I needed.","made good progress on reading today, felt really fulfilling. spent the evening on reading, completely lost track of time  it was exactly what i needed.","['made', 'good', 'progress', 'reading', 'fulfilling', 'spent', 'evening', 'reading', 'completely', 'lost', 'track', 'time', 'exactly', 'what', 'needed']",26,152,2
2025-06-04,"Took a proper rest day today, slept well and just recharged — much needed. Overall a pretty good day.",7,8,8,relaxation,2025-06-04,"Took a proper rest day today, slept well and just recharged — much needed. Overall a pretty good day.","took a proper rest day today, slept well and just recharged  much needed. overall a pretty good day.","['took', 'proper', 'rest', 'day', 'slept', 'well', 'recharged', 'much', 'needed', 'overall', 'pretty', 'good', 'day']",19,101,2
2025-06-05,"The assignment due date is coming up soon, feeling a mix of nervous and okay about it. Thinking about the assignment due date a lot today but haven't really started preparing yet. Ready to see what tomorrow brings.",5,4,4,stress,2025-06-05,"The assignment due date is coming up soon, feeling a mix of nervous and okay about it. Thinking about the assignment due date a lot today but haven't really started preparing yet. Ready to see what tomorrow brings.","the assignment due date is coming up soon, feeling a mix of nervous and okay about it. thinking about the assignment due date a lot today but haven't really started preparing yet. ready to see what tomorrow brings.","['assignment', 'due', 'date', 'coming', 'soon', 'feeling', 'mix', 'nervous', 'okay', 'thinking', 'assignment', 'due', 'date', 'lot', ""haven't"", 'started', 'preparing', 'yet', 'ready', 'see', 'what', 'tomorrow', 'brings']",38,214,3
2025-06-06,Anxiety about the presentation made it hard to get anything meaningful done today. Feeling really stressed about the presentation — couldn't focus on much else today.,3,3,7,"deadline, exam, anxiety",2025-06-06,Anxiety about the presentation made it hard to get anything meaningful done today. Feeling really stressed about the presentation — couldn't focus on much else today.,anxiety about the presentation made it hard to get anything meaningful done today. feeling really stressed about the presentation  couldn't focus on much else today.,"['anxiety', 'presentation', 'made', 'hard', 'get', 'anything', 'meaningful', 'done', 'feeling', 'stressed', 'presentation', ""couldn't"", 'focus', 'much', 'else']",26,166,2
2025-06-07,Worked through a tricky problem involving correlation vs causation and felt genuinely satisfied once it worked. Overall a pretty good day.,6,8,6,"learning, coding, study",2025-06-07,Worked through a tricky problem involving correlation vs causation and felt genuinely satisfied once it worked. Overall a pretty good day.,worked through a tricky problem involving correlation vs causation and felt genuinely satisfied once it worked. overall a pretty good day.,"['worked', 'through', 'tricky', 'problem', 'involving', 'correlation', 'vs', 'causation', 'genuinely', 'satisfied', 'once', 'worked', 'overall', 'pretty', 'good', 'day']",21,138,2
2025-06-08,"Did a bit of data visualization practice today, nothing major, just consolidating feature engineering. Spent some time reviewing data visualization, mostly going over overfitting again.",6,7,5,study,2025-06-08,"Did a bit of data visualization practice today, nothing major, just consolidating feature engineering. Spent some time reviewing data visualization, mostly going over overfitting again.","did a bit of data visualization practice today, nothing major, just consolidating feature engineering. spent some time reviewing data visualization, mostly going over overfitting again.","['bit', 'data', 'visualization', 'practice', 'nothing', 'major', 'consolidating', 'feature', 'engineering', 'spent', 'time', 'reviewing', 'data', 'visualization', 'mostly', 'going', 'overfitting']",25,185,2
2025-06-09,"Despite the upcoming job interview, I felt in control today and made good progress preparing for it.",6,7,10,"stress, deadline",2025-06-09,"Despite the upcoming job interview, I felt in control today and made good progress preparing for it.","despite the upcoming job interview, i felt in control today and made good progress preparing for it.","['despite', 'upcoming', 'job', 'interview', 'control', 'made', 'good', 'progress', 'preparing']",17,100,1
2025-06-10,"Spent some time reviewing Python, mostly going over joins again.",8,6,7,"learning, data science",2025-06-10,"Spent some time reviewing Python, mostly going over joins again.","spent some time reviewing python, mostly going over joins again.","['spent', 'time', 'reviewing', 'python', 'mostly', 'going', 'joins']",10,64,1
2025-06-11,"Did a bit of reading but got distracted halfway through. Thought about picking playing guitar back up today but didn't get to it. A fairly typical day, all things considered.",5,4,6,"music, hobbies",2025-06-11,"Did a bit of reading but got distracted halfway through. Thought about picking playing guitar back up today but didn't get to it. A fairly typical day, all things considered.","did a bit of reading but got distracted halfway through. thought about picking playing guitar back up today but didn't get to it. a fairly typical day, all things considered.","['bit', 'reading', 'got', 'distracted', 'halfway', 'through', 'thought', 'picking', 'playing', 'guitar', ""didn't"", 'get', 'fairly', 'typical', 'day', 'all', 'things', 'considered']",30,174,3
2025-06-12,Struggled a lot with correlation vs causation — machine learning is starting to feel overwhelming. Tried to study pandas today but kept getting stuck on feature engineering and felt frustrated. Need to get more rest tonight.,5,6,5,"study, coding, python",2025-06-12,Struggled a lot with correlation vs causation — machine learning is starting to feel overwhelming. Tried to study pandas today but kept getting stuck on feature engineering and felt frustrated. Need to get more rest tonight.,struggled a lot with correlation vs causation  machine learning is starting to feel overwhelming. tried to study pandas today but kept getting stuck on feature engineering and felt frustrated. need to get more rest tonight.,"['struggled', 'lot', 'correlation', 'vs', 'causation', 'machine', 'learning', 'starting', 'overwhelming', 'tried', 'study', 'pandas', 'kept', 'getting', 'stuck', 'feature', 'engineering', 'frustrated', 'need', 'get', 'more', 'rest', 'tonight']",36,224,3
2025-06-13,"Fairly average day at work, mostly just handled the quarterly report without much excitement. Just an ordinary day overall.",5,4,6,productivity,2025-06-13,"Fairly average day at work, mostly just handled the quarterly report without much excitement. Just an ordinary day overall.","fairly average day at work, mostly just handled the quarterly report without much excitement. just an ordinary day overall.","['fairly', 'average', 'day', 'work', 'mostly', 'handled', 'quarterly', 'report', 'without', 'much', 'excitement', 'ordinary', 'day', 'overall']",19,123,2
2025-06-14,"Woke up tired and skipped yoga session entirely, energy was low all day. Didn't get any gym workout in today and felt sluggish because of it.",3,1,1,fitness,2025-06-14,"Woke up tired and skipped yoga session entirely, energy was low all day. Didn't get any gym workout in today and felt sluggish because of it.","woke up tired and skipped yoga session entirely, energy was low all day. didn't get any gym workout in today and felt sluggish because of it.","['woke', 'tired', 'skipped', 'yoga', 'session', 'entirely', 'energy', 'low', 'all', 'day', ""didn't"", 'get', 'any', 'gym', 'workout', 'sluggish', 'because']",26,141,2
2025-06-15,"Great day with my sibling, nothing planned but it turned out to be one of the better days recently. Had a lovely time with my parents — we went for a long walk and it lifted my mood a lot. Ending the day in a good mood.",9,7,5,family,2025-06-15,"Great day with my sibling, nothing planned but it turned out to be one of the better days recently. Had a lovely time with my parents — we went for a long walk and it lifted my mood a lot. Ending the day in a good mood.","great day with my sibling, nothing planned but it turned out to be one of the better days recently. had a lovely time with my parents  we went for a long walk and it lifted my mood a lot. ending the day in a good mood.","['great', 'day', 'sibling', 'nothing', 'planned', 'turned', 'one', 'better', 'days', 'recently', 'lovely', 'time', 'parents', 'we', 'went', 'long', 'walk', 'lifted', 'mood', 'lot', 'ending', 'day', 'good', 'mood']",47,219,3
2025-06-16,Slept badly last night and it affected the whole day. Hoping tomorrow goes a bit better.,1,4,2,sleep,2025-06-16,Slept badly last night and it affected the whole day. Hoping tomorrow goes a bit better.,slept badly last night and it affected the whole day. hoping tomorrow goes a bit better.,"['slept', 'badly', 'last', 'night', 'affected', 'whole', 'day', 'hoping', 'tomorrow', 'goes', 'bit', 'better']",16,88,2
2025-06-17,"Barely got through any pandas today, my focus on gradient descent kept slipping.",4,2,4,"learning, study",2025-06-17,"Barely got through any pandas today, my focus on gradient descent kept slipping.","barely got through any pandas today, my focus on gradient descent kept slipping.","['barely', 'got', 'through', 'any', 'pandas', 'focus', 'gradient', 'descent', 'kept', 'slipping']",13,80,1
2025-06-18,"Did a bit of Python practice today, nothing major, just consolidating joins.",5,6,6,"study, data science, learning",2025-06-18,"Did a bit of Python practice today, nothing major, just consolidating joins.","did a bit of python practice today, nothing major, just consolidating joins.","['bit', 'python', 'practice', 'nothing', 'major', 'consolidating', 'joins']",12,76,1
2025-06-19,"Fairly lazy day overall, mixed a bit of rest with a few small chores.",6,8,9,"rest, relaxation",2025-06-19,"Fairly lazy day overall, mixed a bit of rest with a few small chores.","fairly lazy day overall, mixed a bit of rest with a few small chores.","['fairly', 'lazy', 'day', 'overall', 'mixed', 'bit', 'rest', 'few', 'small', 'chores']",14,69,1
2025-06-20,"Struggled to focus on a few pending tickets today, kept getting pulled into unnecessary meetings. Rough day at work — a client presentation kept getting delayed and I felt behind the whole time.",3,6,4,"productivity, work",2025-06-20,"Struggled to focus on a few pending tickets today, kept getting pulled into unnecessary meetings. Rough day at work — a client presentation kept getting delayed and I felt behind the whole time.","struggled to focus on a few pending tickets today, kept getting pulled into unnecessary meetings. rough day at work  a client presentation kept getting delayed and i felt behind the whole time.","['struggled', 'focus', 'few', 'pending', 'tickets', 'kept', 'getting', 'pulled', 'into', 'unnecessary', 'meetings', 'rough', 'day', 'work', 'client', 'presentation', 'kept', 'getting', 'delayed', 'behind', 'whole', 'time']",33,194,2
2025-06-22,Managed my anxiety about the job interview well today by breaking the work into smaller pieces.,8,10,7,"exam, stress",2025-06-22,Managed my anxiety about the job interview well today by breaking the work into smaller pieces.,managed my anxiety about the job interview well today by breaking the work into smaller pieces.,"['managed', 'anxiety', 'job', 'interview', 'well', 'by', 'breaking', 'work', 'into', 'smaller', 'pieces']",16,95,1
2025-06-23,"Fairly average day at work, mostly just handled a backlog of emails without much excitement. Spent most of the day on a few pending tickets, nothing particularly noteworthy happened.",8,6,5,"productivity, meetings, career",2025-06-23,"Fairly average day at work, mostly just handled a backlog of emails without much excitement. Spent most of the day on a few pending tickets, nothing particularly noteworthy happened.","fairly average day at work, mostly just handled a backlog of emails without much excitement. spent most of the day on a few pending tickets, nothing particularly noteworthy happened.","['fairly', 'average', 'day', 'work', 'mostly', 'handled', 'backlog', 'emails', 'without', 'much', 'excitement', 'spent', 'most', 'day', 'few', 'pending', 'tickets', 'nothing', 'noteworthy', 'happened']",29,182,2
2025-06-24,Read through some notes on joins but didn't get much hands-on SQL practice done.,5,3,6,"coding, learning",2025-06-24,Read through some notes on joins but didn't get much hands-on SQL practice done.,read through some notes on joins but didn't get much hands-on sql practice done.,"['read', 'through', 'notes', 'joins', ""didn't"", 'get', 'much', 'hands', 'sql', 'practice', 'done']",14,80,1
2025-06-25,"Quiet day, spoke with my parents for a bit over the phone. Just an ordinary day overall.",6,1,4,"relationships, weekend, family",2025-06-25,"Quiet day, spoke with my parents for a bit over the phone. Just an ordinary day overall.","quiet day, spoke with my parents for a bit over the phone. just an ordinary day overall.","['quiet', 'day', 'spoke', 'parents', 'bit', 'phone', 'ordinary', 'day', 'overall']",17,88,2
2025-06-26,Wanted to spend time on sketching today but couldn't find the motivation.,2,3,3,"hobbies, reading",2025-06-26,Wanted to spend time on sketching today but couldn't find the motivation.,wanted to spend time on sketching today but couldn't find the motivation.,"['wanted', 'spend', 'time', 'sketching', ""couldn't"", 'find', 'motivation']",12,73,1
2025-06-27,"Fairly lazy day overall, mixed a bit of rest with a few small chores.",4,5,4,"rest, sleep",2025-06-27,"Fairly lazy day overall, mixed a bit of rest with a few small chores.","fairly lazy day overall, mixed a bit of rest with a few small chores.","['fairly', 'lazy', 'day', 'overall', 'mixed', 'bit', 'rest', 'few', 'small', 'chores']",14,69,1
2025-06-28,"Took a proper rest day today, slept well and just recharged — much needed. Did absolutely nothing productive today and it felt great, exactly the break I needed. Grateful for how the day turned out.",8,7,7,"sleep, relaxation, rest",2025-06-28,"Took a proper rest day today, slept well and just recharged — much needed. Did absolutely nothing productive today and it felt great, exactly the break I needed. Grateful for how the day turned out.","took a proper rest day today, slept well and just recharged  much needed. did absolutely nothing productive today and it felt great, exactly the break i needed. grateful for how the day turned out.","['took', 'proper', 'rest', 'day', 'slept', 'well', 'recharged', 'much', 'needed', 'absolutely', 'nothing', 'productive', 'great', 'exactly', 'break', 'needed', 'grateful', 'how', 'day', 'turned']",35,198,3
2025-06-29,Explored the nearby hill station for the first time — such a great way to break the routine.,9,7,6,"weekend, adventure, travel",2025-06-29,Explored the nearby hill station for the first time — such a great way to break the routine.,explored the nearby hill station for the first time  such a great way to break the routine.,"['explored', 'nearby', 'hill', 'station', 'first', 'time', 'such', 'great', 'way', 'break', 'routine']",18,92,1
2025-06-30,Skipped my usual yoga session today but ate reasonably well.,3,3,3,"exercise, fitness, health",2025-06-30,Skipped my usual yoga session today but ate reasonably well.,skipped my usual yoga session today but ate reasonably well.,"['skipped', 'usual', 'yoga', 'session', 'ate', 'reasonably', 'well']",10,60,1
2025-07-01,"Saw my sibling briefly today, exchanged a few messages, nothing major. Ready to see what tomorrow brings.",6,5,4,"family, friends",2025-07-01,"Saw my sibling briefly today, exchanged a few messages, nothing major. Ready to see what tomorrow brings.","saw my sibling briefly today, exchanged a few messages, nothing major. ready to see what tomorrow brings.","['saw', 'sibling', 'briefly', 'exchanged', 'few', 'messages', 'nothing', 'major', 'ready', 'see', 'what', 'tomorrow', 'brings']",17,105,2
2025-07-02,"Did absolutely nothing productive today and it felt great, exactly the break I needed. Overall a pretty good day.",8,7,6,"rest, relaxation",2025-07-02,"Did absolutely nothing productive today and it felt great, exactly the break I needed. Overall a pretty good day.","did absolutely nothing productive today and it felt great, exactly the break i needed. overall a pretty good day.","['absolutely', 'nothing', 'productive', 'great', 'exactly', 'break', 'needed', 'overall', 'pretty', 'good', 'day']",19,113,2
2025-07-03,Today I spent a few hours learning SQL and finally understood how overfitting works. Worked through a tricky problem involving gradient descent and felt genuinely satisfied once it worked.,7,5,7,"python, coding",2025-07-03,Today I spent a few hours learning SQL and finally understood how overfitting works. Worked through a tricky problem involving gradient descent and felt genuinely satisfied once it worked.,today i spent a few hours learning sql and finally understood how overfitting works. worked through a tricky problem involving gradient descent and felt genuinely satisfied once it worked.,"['spent', 'few', 'hours', 'learning', 'sql', 'finally', 'understood', 'how', 'overfitting', 'works', 'worked', 'through', 'tricky', 'problem', 'involving', 'gradient', 'descent', 'genuinely', 'satisfied', 'once', 'worked']",29,188,2
2025-07-04,"Looked into travel options for the nearby hill station, nothing booked yet. Nothing particularly stands out about today.",5,6,4,"adventure, weekend, travel",2025-07-04,"Looked into travel options for the nearby hill station, nothing booked yet. Nothing particularly stands out about today.","looked into travel options for the nearby hill station, nothing booked yet. nothing particularly stands out about today.","['looked', 'into', 'travel', 'options', 'nearby', 'hill', 'station', 'nothing', 'booked', 'yet', 'nothing', 'stands']",18,120,2
2025-07-05,"Spent quality time with my parents today, it was really nice to just relax and catch up.",10,8,8,"relationships, friends, weekend",2025-07-05,"Spent quality time with my parents today, it was really nice to just relax and catch up.","spent quality time with my parents today, it was really nice to just relax and catch up.","['spent', 'quality', 'time', 'parents', 'nice', 'relax', 'catch']",17,88,1
2025-07-06,Didn't get any swim in today and felt sluggish because of it. Today was harder than expected.,1,2,1,wellbeing,2025-07-06,Didn't get any swim in today and felt sluggish because of it. Today was harder than expected.,didn't get any swim in today and felt sluggish because of it. today was harder than expected.,"[""didn't"", 'get', 'any', 'swim', 'sluggish', 'because', 'harder', 'than', 'expected']",17,93,2
2025-07-07,"Did a light yoga session session, nothing intense, just kept the habit going. Nothing particularly stands out about today.",8,5,5,"wellbeing, fitness",2025-07-07,"Did a light yoga session session, nothing intense, just kept the habit going. Nothing particularly stands out about today.","did a light yoga session session, nothing intense, just kept the habit going. nothing particularly stands out about today.","['light', 'yoga', 'session', 'session', 'nothing', 'intense', 'kept', 'habit', 'going', 'nothing', 'stands']",19,122,2
2025-07-08,"Quiet day, spoke with my parents for a bit over the phone.",8,4,6,"family, friends, weekend",2025-07-08,"Quiet day, spoke with my parents for a bit over the phone.","quiet day, spoke with my parents for a bit over the phone.","['quiet', 'day', 'spoke', 'parents', 'bit', 'phone']",12,58,1
2025-07-09,"Took a proper rest day today, slept well and just recharged — much needed. Feeling optimistic about tomorrow.",7,7,8,"relaxation, rest",2025-07-09,"Took a proper rest day today, slept well and just recharged — much needed. Feeling optimistic about tomorrow.","took a proper rest day today, slept well and just recharged  much needed. feeling optimistic about tomorrow.","['took', 'proper', 'rest', 'day', 'slept', 'well', 'recharged', 'much', 'needed', 'feeling', 'optimistic', 'tomorrow']",18,109,2
2025-07-11,"Quiet day, spoke with a close friend for a bit over the phone.",6,5,3,family,2025-07-11,"Quiet day, spoke with a close friend for a bit over the phone.","quiet day, spoke with a close friend for a bit over the phone.","['quiet', 'day', 'spoke', 'close', 'friend', 'bit', 'phone']",13,62,1
2025-07-12,"Did absolutely nothing productive today and it felt great, exactly the break I needed. Took a proper rest day today, slept well and just recharged — much needed.",6,8,5,"weekend, rest",2025-07-12,"Did absolutely nothing productive today and it felt great, exactly the break I needed. Took a proper rest day today, slept well and just recharged — much needed.","did absolutely nothing productive today and it felt great, exactly the break i needed. took a proper rest day today, slept well and just recharged  much needed.","['absolutely', 'nothing', 'productive', 'great', 'exactly', 'break', 'needed', 'took', 'proper', 'rest', 'day', 'slept', 'well', 'recharged', 'much', 'needed']",28,161,2
2025-07-14,Did a bit of reading but got distracted halfway through.,5,6,5,"hobbies, music, creativity",2025-07-14,Did a bit of reading but got distracted halfway through.,did a bit of reading but got distracted halfway through.,"['bit', 'reading', 'got', 'distracted', 'halfway', 'through']",10,56,1
2025-07-15,"Felt pretty drained after dealing with a client presentation, didn't get much else done. Trying not to be too hard on myself about it.",3,1,3,"work, productivity",2025-07-15,"Felt pretty drained after dealing with a client presentation, didn't get much else done. Trying not to be too hard on myself about it.","felt pretty drained after dealing with a client presentation, didn't get much else done. trying not to be too hard on myself about it.","['pretty', 'drained', 'after', 'dealing', 'client', 'presentation', ""didn't"", 'get', 'much', 'else', 'done', 'trying', 'not', 'too', 'hard', 'myself']",24,134,2
2025-07-16,"Barely got through any statistics today, my focus on hypothesis testing kept slipping. Tried to study Python today but kept getting stuck on correlation vs causation and felt frustrated. Today was harder than expected.",3,2,1,"learning, data science",2025-07-16,"Barely got through any statistics today, my focus on hypothesis testing kept slipping. Tried to study Python today but kept getting stuck on correlation vs causation and felt frustrated. Today was harder than expected.","barely got through any statistics today, my focus on hypothesis testing kept slipping. tried to study python today but kept getting stuck on correlation vs causation and felt frustrated. today was harder than expected.","['barely', 'got', 'through', 'any', 'statistics', 'focus', 'hypothesis', 'testing', 'kept', 'slipping', 'tried', 'study', 'python', 'kept', 'getting', 'stuck', 'correlation', 'vs', 'causation', 'frustrated', 'harder', 'than', 'expected']",34,218,3
2025-07-17,"Fairly average day at work, mostly just handled a backlog of emails without much excitement. Spent most of the day on the quarterly report, nothing particularly noteworthy happened. A fairly typical day, all things considered.",7,5,8,"meetings, productivity",2025-07-17,"Fairly average day at work, mostly just handled a backlog of emails without much excitement. Spent most of the day on the quarterly report, nothing particularly noteworthy happened. A fairly typical day, all things considered.","fairly average day at work, mostly just handled a backlog of emails without much excitement. spent most of the day on the quarterly report, nothing particularly noteworthy happened. a fairly typical day, all things considered.","['fairly', 'average', 'day', 'work', 'mostly', 'handled', 'backlog', 'emails', 'without', 'much', 'excitement', 'spent', 'most', 'day', 'quarterly', 'report', 'nothing', 'noteworthy', 'happened', 'fairly', 'typical', 'day', 'all', 'things', 'considered']",35,226,3
2025-07-18,"Spent some time reviewing pandas, mostly going over hypothesis testing again. Nothing particularly stands out about today.",5,5,4,python,2025-07-18,"Spent some time reviewing pandas, mostly going over hypothesis testing again. Nothing particularly stands out about today.","spent some time reviewing pandas, mostly going over hypothesis testing again. nothing particularly stands out about today.","['spent', 'time', 'reviewing', 'pandas', 'mostly', 'going', 'hypothesis', 'testing', 'nothing', 'stands']",17,122,2
2025-07-19,"Great day with a close friend, nothing planned but it turned out to be one of the better days recently.",6,6,8,"weekend, family, relationships",2025-07-19,"Great day with a close friend, nothing planned but it turned out to be one of the better days recently.","great day with a close friend, nothing planned but it turned out to be one of the better days recently.","['great', 'day', 'close', 'friend', 'nothing', 'planned', 'turned', 'one', 'better', 'days', 'recently']",20,103,1
2025-07-20,"Fairly lazy day overall, mixed a bit of rest with a few small chores. A fairly typical day, all things considered.",2,7,7,"sleep, weekend, relaxation",2025-07-20,"Fairly lazy day overall, mixed a bit of rest with a few small chores. A fairly typical day, all things considered.","fairly lazy day overall, mixed a bit of rest with a few small chores. a fairly typical day, all things considered.","['fairly', 'lazy', 'day', 'overall', 'mixed', 'bit', 'rest', 'few', 'small', 'chores', 'fairly', 'typical', 'day', 'all', 'things', 'considered']",21,114,2
2025-07-21,"Quiet day, spoke with a close friend for a bit over the phone. A fairly typical day, all things considered.",3,4,4,relationships,2025-07-21,"Quiet day, spoke with a close friend for a bit over the phone. A fairly typical day, all things considered.","quiet day, spoke with a close friend for a bit over the phone. a fairly typical day, all things considered.","['quiet', 'day', 'spoke', 'close', 'friend', 'bit', 'phone', 'fairly', 'typical', 'day', 'all', 'things', 'considered']",20,107,2
2025-07-23,"Thought about picking reading back up today but didn't get to it. Did a bit of reading but got distracted halfway through. A fairly typical day, all things considered.",4,6,6,"creativity, music",2025-07-23,"Thought about picking reading back up today but didn't get to it. Did a bit of reading but got distracted halfway through. A fairly typical day, all things considered.","thought about picking reading back up today but didn't get to it. did a bit of reading but got distracted halfway through. a fairly typical day, all things considered.","['thought', 'picking', 'reading', ""didn't"", 'get', 'bit', 'reading', 'got', 'distracted', 'halfway', 'through', 'fairly', 'typical', 'day', 'all', 'things', 'considered']",29,167,3
2025-07-24,Struggled a lot with feature engineering — statistics is starting to feel overwhelming.,4,6,3,"coding, study",2025-07-24,Struggled a lot with feature engineering — statistics is starting to feel overwhelming.,struggled a lot with feature engineering  statistics is starting to feel overwhelming.,"['struggled', 'lot', 'feature', 'engineering', 'statistics', 'starting', 'overwhelming']",13,87,1
2025-07-25,"Fairly lazy day overall, mixed a bit of rest with a few small chores.",4,5,3,"weekend, sleep, rest",2025-07-25,"Fairly lazy day overall, mixed a bit of rest with a few small chores.","fairly lazy day overall, mixed a bit of rest with a few small chores.","['fairly', 'lazy', 'day', 'overall', 'mixed', 'bit', 'rest', 'few', 'small', 'chores']",14,69,1
2025-07-26,"Spent most of the day on a backlog of emails, nothing particularly noteworthy happened. Fairly average day at work, mostly just handled the quarterly report without much excitement. A fairly typical day, all things considered.",6,8,5,"meetings, productivity",2025-07-26,"Spent most of the day on a backlog of emails, nothing particularly noteworthy happened. Fairly average day at work, mostly just handled the quarterly report without much excitement. A fairly typical day, all things considered.","spent most of the day on a backlog of emails, nothing particularly noteworthy happened. fairly average day at work, mostly just handled the quarterly report without much excitement. a fairly typical day, all things considered.","['spent', 'most', 'day', 'backlog', 'emails', 'nothing', 'noteworthy', 'happened', 'fairly', 'average', 'day', 'work', 'mostly', 'handled', 'quarterly', 'report', 'without', 'much', 'excitement', 'fairly', 'typical', 'day', 'all', 'things', 'considered']",35,226,3
2025-07-28,Had a lovely time with a close friend — we went for a long walk and it lifted my mood a lot.,7,9,9,"relationships, friends",2025-07-28,Had a lovely time with a close friend — we went for a long walk and it lifted my mood a lot.,had a lovely time with a close friend  we went for a long walk and it lifted my mood a lot.,"['lovely', 'time', 'close', 'friend', 'we', 'went', 'long', 'walk', 'lifted', 'mood', 'lot']",22,92,1
2025-07-29,"Fairly average day at work, mostly just handled a backlog of emails without much excitement.",5,6,4,"work, career, productivity",2025-07-29,"Fairly average day at work, mostly just handled a backlog of emails without much excitement.","fairly average day at work, mostly just handled a backlog of emails without much excitement.","['fairly', 'average', 'day', 'work', 'mostly', 'handled', 'backlog', 'emails', 'without', 'much', 'excitement']",15,92,1
2025-07-30,"Struggled to focus on a backlog of emails today, kept getting pulled into unnecessary meetings. Felt pretty drained after dealing with the quarterly report, didn't get much else done. Hoping tomorrow goes a bit better.",3,1,2,"career, productivity, meetings",2025-07-30,"Struggled to focus on a backlog of emails today, kept getting pulled into unnecessary meetings. Felt pretty drained after dealing with the quarterly report, didn't get much else done. Hoping tomorrow goes a bit better.","struggled to focus on a backlog of emails today, kept getting pulled into unnecessary meetings. felt pretty drained after dealing with the quarterly report, didn't get much else done. hoping tomorrow goes a bit better.","['struggled', 'focus', 'backlog', 'emails', 'kept', 'getting', 'pulled', 'into', 'unnecessary', 'meetings', 'pretty', 'drained', 'after', 'dealing', 'quarterly', 'report', ""didn't"", 'get', 'much', 'else', 'done', 'hoping', 'tomorrow', 'goes', 'bit', 'better']",35,218,3
2025-07-31,Thought about picking reading back up today but didn't get to it.,3,3,6,"music, hobbies",2025-07-31,Thought about picking reading back up today but didn't get to it.,thought about picking reading back up today but didn't get to it.,"['thought', 'picking', 'reading', ""didn't"", 'get']",12,65,1
2025-08-01,"Fairly lazy day overall, mixed a bit of rest with a few small chores.",2,6,5,"rest, sleep",2025-08-01,"Fairly lazy day overall, mixed a bit of rest with a few small chores.","fairly lazy day overall, mixed a bit of rest with a few small chores.","['fairly', 'lazy', 'day', 'overall', 'mixed', 'bit', 'rest', 'few', 'small', 'chores']",14,69,1
2025-08-02,"Saw my parents briefly today, exchanged a few messages, nothing major.",3,6,4,"relationships, weekend",2025-08-02,"Saw my parents briefly today, exchanged a few messages, nothing major.","saw my parents briefly today, exchanged a few messages, nothing major.","['saw', 'parents', 'briefly', 'exchanged', 'few', 'messages', 'nothing', 'major']",11,70,1
2025-08-03,"Did absolutely nothing productive today and it felt great, exactly the break I needed. Looking forward to more days like this.",10,10,9,"sleep, weekend, rest",2025-08-03,"Did absolutely nothing productive today and it felt great, exactly the break I needed. Looking forward to more days like this.","did absolutely nothing productive today and it felt great, exactly the break i needed. looking forward to more days like this.","['absolutely', 'nothing', 'productive', 'great', 'exactly', 'break', 'needed', 'looking', 'forward', 'more', 'days', 'like']",21,126,2
2025-08-04,"Finished a few pending tickets ahead of schedule today, which felt great going into the weekend.",8,9,7,"career, productivity",2025-08-04,"Finished a few pending tickets ahead of schedule today, which felt great going into the weekend.","finished a few pending tickets ahead of schedule today, which felt great going into the weekend.","['finished', 'few', 'pending', 'tickets', 'ahead', 'schedule', 'which', 'great', 'going', 'into', 'weekend']",16,96,1
2025-08-05,"Did a bit of data visualization practice today, nothing major, just consolidating feature engineering.",5,6,7,"data science, python",2025-08-05,"Did a bit of data visualization practice today, nothing major, just consolidating feature engineering.","did a bit of data visualization practice today, nothing major, just consolidating feature engineering.","['bit', 'data', 'visualization', 'practice', 'nothing', 'major', 'consolidating', 'feature', 'engineering']",14,102,1
2025-08-06,"Fairly lazy day overall, mixed a bit of rest with a few small chores.",4,5,5,"rest, relaxation",2025-08-06,"Fairly lazy day overall, mixed a bit of rest with a few small chores.","fairly lazy day overall, mixed a bit of rest with a few small chores.","['fairly', 'lazy', 'day', 'overall', 'mixed', 'bit', 'rest', 'few', 'small', 'chores']",14,69,1
2025-08-07,"Took a proper rest day today, slept well and just recharged — much needed.",4,6,6,relaxation,2025-08-07,"Took a proper rest day today, slept well and just recharged — much needed.","took a proper rest day today, slept well and just recharged  much needed.","['took', 'proper', 'rest', 'day', 'slept', 'well', 'recharged', 'much', 'needed']",14,74,1
2025-08-08,"Woke up tired and skipped swim entirely, energy was low all day. Hoping tomorrow goes a bit better.",1,1,2,health,2025-08-08,"Woke up tired and skipped swim entirely, energy was low all day. Hoping tomorrow goes a bit better.","woke up tired and skipped swim entirely, energy was low all day. hoping tomorrow goes a bit better.","['woke', 'tired', 'skipped', 'swim', 'entirely', 'energy', 'low', 'all', 'day', 'hoping', 'tomorrow', 'goes', 'bit', 'better']",18,99,2
2025-08-09,"Spent the evening on photography, completely lost track of time — it was exactly what I needed. Feeling optimistic about tomorrow.",7,6,6,"music, creativity, reading",2025-08-09,"Spent the evening on photography, completely lost track of time — it was exactly what I needed. Feeling optimistic about tomorrow.","spent the evening on photography, completely lost track of time  it was exactly what i needed. feeling optimistic about tomorrow.","['spent', 'evening', 'photography', 'completely', 'lost', 'track', 'time', 'exactly', 'what', 'needed', 'feeling', 'optimistic', 'tomorrow']",21,130,2
2025-08-10,"Made good progress on writing today, felt really fulfilling. Spent the evening on reading, completely lost track of time — it was exactly what I needed.",7,7,8,"creativity, reading",2025-08-10,"Made good progress on writing today, felt really fulfilling. Spent the evening on reading, completely lost track of time — it was exactly what I needed.","made good progress on writing today, felt really fulfilling. spent the evening on reading, completely lost track of time  it was exactly what i needed.","['made', 'good', 'progress', 'writing', 'fulfilling', 'spent', 'evening', 'reading', 'completely', 'lost', 'track', 'time', 'exactly', 'what', 'needed']",26,152,2
2025-08-11,"Fairly average day at work, mostly just handled a client presentation without much excitement. Spent most of the day on a client presentation, nothing particularly noteworthy happened.",6,5,7,"productivity, meetings",2025-08-11,"Fairly average day at work, mostly just handled a client presentation without much excitement. Spent most of the day on a client presentation, nothing particularly noteworthy happened.","fairly average day at work, mostly just handled a client presentation without much excitement. spent most of the day on a client presentation, nothing particularly noteworthy happened.","['fairly', 'average', 'day', 'work', 'mostly', 'handled', 'client', 'presentation', 'without', 'much', 'excitement', 'spent', 'most', 'day', 'client', 'presentation', 'nothing', 'noteworthy', 'happened']",27,184,2
2025-08-12,Rough day at work — a client presentation kept getting delayed and I felt behind the whole time. Need to get more rest tonight.,4,4,2,work,2025-08-12,Rough day at work — a client presentation kept getting delayed and I felt behind the whole time. Need to get more rest tonight.,rough day at work  a client presentation kept getting delayed and i felt behind the whole time. need to get more rest tonight.,"['rough', 'day', 'work', 'client', 'presentation', 'kept', 'getting', 'delayed', 'behind', 'whole', 'time', 'need', 'get', 'more', 'rest', 'tonight']",24,127,2
2025-08-13,Missed a call from an old friend and felt a bit guilty about not making more time for them lately. Had a small disagreement with my parents today which put a bit of a damper on the day.,3,2,2,"friends, family",2025-08-13,Missed a call from an old friend and felt a bit guilty about not making more time for them lately. Had a small disagreement with my parents today which put a bit of a damper on the day.,missed a call from an old friend and felt a bit guilty about not making more time for them lately. had a small disagreement with my parents today which put a bit of a damper on the day.,"['missed', 'call', 'from', 'old', 'friend', 'bit', 'guilty', 'not', 'making', 'more', 'time', 'them', 'lately', 'small', 'disagreement', 'parents', 'which', 'put', 'bit', 'damper', 'day']",38,185,2
2025-08-14,Skipped my usual walk today but ate reasonably well. Ready to see what tomorrow brings.,6,2,3,"exercise, health, wellbeing",2025-08-14,Skipped my usual walk today but ate reasonably well. Ready to see what tomorrow brings.,skipped my usual walk today but ate reasonably well. ready to see what tomorrow brings.,"['skipped', 'usual', 'walk', 'ate', 'reasonably', 'well', 'ready', 'see', 'what', 'tomorrow', 'brings']",15,87,2
2025-08-16,"Trip to the coast got cancelled today, which was disappointing.",6,5,5,weekend,2025-08-16,"Trip to the coast got cancelled today, which was disappointing.","trip to the coast got cancelled today, which was disappointing.","['trip', 'coast', 'got', 'cancelled', 'which', 'disappointing']",10,63,1
2025-08-17,Missed a call from my parents and felt a bit guilty about not making more time for them lately. Hoping tomorrow goes a bit better.,3,5,3,"weekend, relationships",2025-08-17,Missed a call from my parents and felt a bit guilty about not making more time for them lately. Hoping tomorrow goes a bit better.,missed a call from my parents and felt a bit guilty about not making more time for them lately. hoping tomorrow goes a bit better.,"['missed', 'call', 'from', 'parents', 'bit', 'guilty', 'not', 'making', 'more', 'time', 'them', 'lately', 'hoping', 'tomorrow', 'goes', 'bit', 'better']",25,130,2
2025-08-18,"Quiet day, spoke with my sibling for a bit over the phone.",6,7,7,friends,2025-08-18,"Quiet day, spoke with my sibling for a bit over the phone.","quiet day, spoke with my sibling for a bit over the phone.","['quiet', 'day', 'spoke', 'sibling', 'bit', 'phone']",12,58,1
2025-08-19,"Great day with my parents, nothing planned but it turned out to be one of the better days recently.",8,5,4,"relationships, weekend",2025-08-19,"Great day with my parents, nothing planned but it turned out to be one of the better days recently.","great day with my parents, nothing planned but it turned out to be one of the better days recently.","['great', 'day', 'parents', 'nothing', 'planned', 'turned', 'one', 'better', 'days', 'recently']",19,99,1
2025-08-22,"Made good progress on photography today, felt really fulfilling. Spent the evening on photography, completely lost track of time — it was exactly what I needed. Ending the day in a good mood.",9,6,5,"reading, creativity",2025-08-22,"Made good progress on photography today, felt really fulfilling. Spent the evening on photography, completely lost track of time — it was exactly what I needed. Ending the day in a good mood.","made good progress on photography today, felt really fulfilling. spent the evening on photography, completely lost track of time  it was exactly what i needed. ending the day in a good mood.","['made', 'good', 'progress', 'photography', 'fulfilling', 'spent', 'evening', 'photography', 'completely', 'lost', 'track', 'time', 'exactly', 'what', 'needed', 'ending', 'day', 'good', 'mood']",33,191,3
2025-08-23,Thought about picking photography back up today but didn't get to it.,7,9,6,"music, reading, hobbies",2025-08-23,Thought about picking photography back up today but didn't get to it.,thought about picking photography back up today but didn't get to it.,"['thought', 'picking', 'photography', ""didn't"", 'get']",12,69,1
2025-08-24,"Looked into travel options for the nearby hill station, nothing booked yet.",4,5,4,"adventure, travel",2025-08-24,"Looked into travel options for the nearby hill station, nothing booked yet.","looked into travel options for the nearby hill station, nothing booked yet.","['looked', 'into', 'travel', 'options', 'nearby', 'hill', 'station', 'nothing', 'booked', 'yet']",12,75,1
2025-08-25,"Woke up tired and skipped gym workout entirely, energy was low all day.",6,6,6,"health, fitness",2025-08-25,"Woke up tired and skipped gym workout entirely, energy was low all day.","woke up tired and skipped gym workout entirely, energy was low all day.","['woke', 'tired', 'skipped', 'gym', 'workout', 'entirely', 'energy', 'low', 'all', 'day']",13,71,1
2025-08-26,Struggled a lot with hypothesis testing — SQL is starting to feel overwhelming. Need to get more rest tonight.,5,5,5,"coding, study, data science",2025-08-26,Struggled a lot with hypothesis testing — SQL is starting to feel overwhelming. Need to get more rest tonight.,struggled a lot with hypothesis testing  sql is starting to feel overwhelming. need to get more rest tonight.,"['struggled', 'lot', 'hypothesis', 'testing', 'sql', 'starting', 'overwhelming', 'need', 'get', 'more', 'rest', 'tonight']",19,110,2
2025-08-27,"Despite the upcoming presentation, I felt in control today and made good progress preparing for it. Managed my anxiety about the assignment due date well today by breaking the work into smaller pieces. Overall a pretty good day.",8,8,8,"deadline, anxiety, exam",2025-08-27,"Despite the upcoming presentation, I felt in control today and made good progress preparing for it. Managed my anxiety about the assignment due date well today by breaking the work into smaller pieces. Overall a pretty good day.","despite the upcoming presentation, i felt in control today and made good progress preparing for it. managed my anxiety about the assignment due date well today by breaking the work into smaller pieces. overall a pretty good day.","['despite', 'upcoming', 'presentation', 'control', 'made', 'good', 'progress', 'preparing', 'managed', 'anxiety', 'assignment', 'due', 'date', 'well', 'by', 'breaking', 'work', 'into', 'smaller', 'pieces', 'overall', 'pretty', 'good', 'day']",38,228,3
2025-08-28,"Thought about picking playing guitar back up today but didn't get to it. Did a bit of playing guitar but got distracted halfway through. A fairly typical day, all things considered.",4,6,6,"music, reading",2025-08-28,"Thought about picking playing guitar back up today but didn't get to it. Did a bit of playing guitar but got distracted halfway through. A fairly typical day, all things considered.","thought about picking playing guitar back up today but didn't get to it. did a bit of playing guitar but got distracted halfway through. a fairly typical day, all things considered.","['thought', 'picking', 'playing', 'guitar', ""didn't"", 'get', 'bit', 'playing', 'guitar', 'got', 'distracted', 'halfway', 'through', 'fairly', 'typical', 'day', 'all', 'things', 'considered']",31,181,3
2025-08-29,"The presentation is weighing on me a lot, didn't sleep well because of it. Today was harder than expected.",5,6,5,"stress, deadline",2025-08-29,"The presentation is weighing on me a lot, didn't sleep well because of it. Today was harder than expected.","the presentation is weighing on me a lot, didn't sleep well because of it. today was harder than expected.","['presentation', 'weighing', 'me', 'lot', ""didn't"", 'sleep', 'well', 'because', 'harder', 'than', 'expected']",19,106,2
2025-08-30,"Skipped my usual gym workout today but ate reasonably well. A fairly typical day, all things considered.",8,6,6,fitness,2025-08-30,"Skipped my usual gym workout today but ate reasonably well. A fairly typical day, all things considered.","skipped my usual gym workout today but ate reasonably well. a fairly typical day, all things considered.","['skipped', 'usual', 'gym', 'workout', 'ate', 'reasonably', 'well', 'fairly', 'typical', 'day', 'all', 'things', 'considered']",17,104,2
2025-08-31,"Trip to a new part of the city got cancelled today, which was disappointing. Today was harder than expected.",5,4,2,"travel, adventure",2025-08-31,"Trip to a new part of the city got cancelled today, which was disappointing. Today was harder than expected.","trip to a new part of the city got cancelled today, which was disappointing. today was harder than expected.","['trip', 'new', 'part', 'city', 'got', 'cancelled', 'which', 'disappointing', 'harder', 'than', 'expected']",19,108,2
2025-09-01,"Did a light swim session, nothing intense, just kept the habit going. Nothing particularly stands out about today.",5,8,7,health,2025-09-01,"Did a light swim session, nothing intense, just kept the habit going. Nothing particularly stands out about today.","did a light swim session, nothing intense, just kept the habit going. nothing particularly stands out about today.","['light', 'swim', 'session', 'nothing', 'intense', 'kept', 'habit', 'going', 'nothing', 'stands']",18,114,2
2025-09-02,Thinking about the exam a lot today but haven't really started preparing yet.,6,6,5,"anxiety, deadline",2025-09-02,Thinking about the exam a lot today but haven't really started preparing yet.,thinking about the exam a lot today but haven't really started preparing yet.,"['thinking', 'exam', 'lot', ""haven't"", 'started', 'preparing', 'yet']",13,77,1
2025-09-03,"Couldn't really relax today even though I had the time, mind was too restless.",4,3,2,"weekend, relaxation",2025-09-03,"Couldn't really relax today even though I had the time, mind was too restless.","couldn't really relax today even though i had the time, mind was too restless.","[""couldn't"", 'relax', 'even', 'though', 'time', 'mind', 'too', 'restless']",14,78,1
2025-09-04,"Fairly lazy day overall, mixed a bit of rest with a few small chores.",6,4,6,relaxation,2025-09-04,"Fairly lazy day overall, mixed a bit of rest with a few small chores.","fairly lazy day overall, mixed a bit of rest with a few small chores.","['fairly', 'lazy', 'day', 'overall', 'mixed', 'bit', 'rest', 'few', 'small', 'chores']",14,69,1
2025-09-05,"Made good progress on writing today, felt really fulfilling. Grateful for how the day turned out.",8,9,7,hobbies,2025-09-05,"Made good progress on writing today, felt really fulfilling. Grateful for how the day turned out.","made good progress on writing today, felt really fulfilling. grateful for how the day turned out.","['made', 'good', 'progress', 'writing', 'fulfilling', 'grateful', 'how', 'day', 'turned']",16,97,2
2025-09-06,"Looked into travel options for a local market, nothing booked yet.",4,5,5,"travel, weekend, adventure",2025-09-06,"Looked into travel options for a local market, nothing booked yet.","looked into travel options for a local market, nothing booked yet.","['looked', 'into', 'travel', 'options', 'local', 'market', 'nothing', 'booked', 'yet']",11,66,1
2025-09-07,"Good day overall, made solid progress on a few pending tickets and the team meeting went smoothly.",9,8,6,"work, productivity",2025-09-07,"Good day overall, made solid progress on a few pending tickets and the team meeting went smoothly.","good day overall, made solid progress on a few pending tickets and the team meeting went smoothly.","['good', 'day', 'overall', 'made', 'solid', 'progress', 'few', 'pending', 'tickets', 'team', 'meeting', 'went', 'smoothly']",17,98,1
2025-09-08,"Fairly average day at work, mostly just handled the project deadline without much excitement. Spent most of the day on a few pending tickets, nothing particularly noteworthy happened.",6,5,5,"work, career",2025-09-08,"Fairly average day at work, mostly just handled the project deadline without much excitement. Spent most of the day on a few pending tickets, nothing particularly noteworthy happened.","fairly average day at work, mostly just handled the project deadline without much excitement. spent most of the day on a few pending tickets, nothing particularly noteworthy happened.","['fairly', 'average', 'day', 'work', 'mostly', 'handled', 'project', 'deadline', 'without', 'much', 'excitement', 'spent', 'most', 'day', 'few', 'pending', 'tickets', 'nothing', 'noteworthy', 'happened']",28,183,2
2025-09-09,"Did a bit of SQL practice today, nothing major, just consolidating gradient descent. Ready to see what tomorrow brings.",5,5,6,"study, data science",2025-09-09,"Did a bit of SQL practice today, nothing major, just consolidating gradient descent. Ready to see what tomorrow brings.","did a bit of sql practice today, nothing major, just consolidating gradient descent. ready to see what tomorrow brings.","['bit', 'sql', 'practice', 'nothing', 'major', 'consolidating', 'gradient', 'descent', 'ready', 'see', 'what', 'tomorrow', 'brings']",19,119,2
2025-09-10,"Fairly average day at work, mostly just handled a client presentation without much excitement. Spent most of the day on a backlog of emails, nothing particularly noteworthy happened. Just an ordinary day overall.",5,5,4,"productivity, work, career",2025-09-10,"Fairly average day at work, mostly just handled a client presentation without much excitement. Spent most of the day on a backlog of emails, nothing particularly noteworthy happened. Just an ordinary day overall.","fairly average day at work, mostly just handled a client presentation without much excitement. spent most of the day on a backlog of emails, nothing particularly noteworthy happened. just an ordinary day overall.","['fairly', 'average', 'day', 'work', 'mostly', 'handled', 'client', 'presentation', 'without', 'much', 'excitement', 'spent', 'most', 'day', 'backlog', 'emails', 'nothing', 'noteworthy', 'happened', 'ordinary', 'day', 'overall']",33,212,3
2025-09-11,"Fairly lazy day overall, mixed a bit of rest with a few small chores.",6,3,2,"weekend, sleep",2025-09-11,"Fairly lazy day overall, mixed a bit of rest with a few small chores.","fairly lazy day overall, mixed a bit of rest with a few small chores.","['fairly', 'lazy', 'day', 'overall', 'mixed', 'bit', 'rest', 'few', 'small', 'chores']",14,69,1
2025-09-12,"Couldn't really relax today even though I had the time, mind was too restless.",2,2,2,"sleep, weekend",2025-09-12,"Couldn't really relax today even though I had the time, mind was too restless.","couldn't really relax today even though i had the time, mind was too restless.","[""couldn't"", 'relax', 'even', 'though', 'time', 'mind', 'too', 'restless']",14,78,1
2025-09-13,Felt physically great today after a solid gym workout routine. Went for a swim this morning and felt really energized for the rest of the day.,5,8,9,wellbeing,2025-09-13,Felt physically great today after a solid gym workout routine. Went for a swim this morning and felt really energized for the rest of the day.,felt physically great today after a solid gym workout routine. went for a swim this morning and felt really energized for the rest of the day.,"['physically', 'great', 'after', 'solid', 'gym', 'workout', 'routine', 'went', 'swim', 'morning', 'energized', 'rest', 'day']",26,142,2
2025-09-14,"Didn't get any swim in today and felt sluggish because of it. Woke up tired and skipped swim entirely, energy was low all day. Need to get more rest tonight.",4,3,3,"fitness, wellbeing",2025-09-14,"Didn't get any swim in today and felt sluggish because of it. Woke up tired and skipped swim entirely, energy was low all day. Need to get more rest tonight.","didn't get any swim in today and felt sluggish because of it. woke up tired and skipped swim entirely, energy was low all day. need to get more rest tonight.","[""didn't"", 'get', 'any', 'swim', 'sluggish', 'because', 'woke', 'tired', 'skipped', 'swim', 'entirely', 'energy', 'low', 'all', 'day', 'need', 'get', 'more', 'rest', 'tonight']",30,157,3
2025-09-15,"The assignment due date is coming up soon, feeling a mix of nervous and okay about it. Thinking about the presentation a lot today but haven't really started preparing yet.",6,7,5,"exam, deadline, anxiety",2025-09-15,"The assignment due date is coming up soon, feeling a mix of nervous and okay about it. Thinking about the presentation a lot today but haven't really started preparing yet.","the assignment due date is coming up soon, feeling a mix of nervous and okay about it. thinking about the presentation a lot today but haven't really started preparing yet.","['assignment', 'due', 'date', 'coming', 'soon', 'feeling', 'mix', 'nervous', 'okay', 'thinking', 'presentation', 'lot', ""haven't"", 'started', 'preparing', 'yet']",30,172,2
2025-09-16,Worked through a tricky problem involving correlation vs causation and felt genuinely satisfied once it worked. Grateful for how the day turned out.,9,10,9,python,2025-09-16,Worked through a tricky problem involving correlation vs causation and felt genuinely satisfied once it worked. Grateful for how the day turned out.,worked through a tricky problem involving correlation vs causation and felt genuinely satisfied once it worked. grateful for how the day turned out.,"['worked', 'through', 'tricky', 'problem', 'involving', 'correlation', 'vs', 'causation', 'genuinely', 'satisfied', 'once', 'worked', 'grateful', 'how', 'day', 'turned']",23,148,2
2025-09-17,Read through some notes on overfitting but didn't get much hands-on Python practice done.,7,10,7,study,2025-09-17,Read through some notes on overfitting but didn't get much hands-on Python practice done.,read through some notes on overfitting but didn't get much hands-on python practice done.,"['read', 'through', 'notes', 'overfitting', ""didn't"", 'get', 'much', 'hands', 'python', 'practice', 'done']",14,89,1
2025-09-19,"Looked into travel options for a local market, nothing booked yet. Thinking about planning a trip to a local market sometime soon, haven't decided yet.",6,4,4,"weekend, travel, adventure",2025-09-19,"Looked into travel options for a local market, nothing booked yet. Thinking about planning a trip to a local market sometime soon, haven't decided yet.","looked into travel options for a local market, nothing booked yet. thinking about planning a trip to a local market sometime soon, haven't decided yet.","['looked', 'into', 'travel', 'options', 'local', 'market', 'nothing', 'booked', 'yet', 'thinking', 'planning', 'trip', 'local', 'market', 'sometime', 'soon', ""haven't"", 'decided', 'yet']",25,151,2
2025-09-20,"Great day with a close friend, nothing planned but it turned out to be one of the better days recently.",7,8,7,"family, relationships",2025-09-20,"Great day with a close friend, nothing planned but it turned out to be one of the better days recently.","great day with a close friend, nothing planned but it turned out to be one of the better days recently.","['great', 'day', 'close', 'friend', 'nothing', 'planned', 'turned', 'one', 'better', 'days', 'recently']",20,103,1
2025-09-21,"Felt physically great today after a solid swim routine. Managed to fit in a good walk session, my energy levels were noticeably higher afterward.",7,4,7,"wellbeing, exercise",2025-09-21,"Felt physically great today after a solid swim routine. Managed to fit in a good walk session, my energy levels were noticeably higher afterward.","felt physically great today after a solid swim routine. managed to fit in a good walk session, my energy levels were noticeably higher afterward.","['physically', 'great', 'after', 'solid', 'swim', 'routine', 'managed', 'fit', 'good', 'walk', 'session', 'energy', 'levels', 'noticeably', 'higher', 'afterward']",24,145,2
2025-09-22,"Rough day at work — a few pending tickets kept getting delayed and I felt behind the whole time. Felt pretty drained after dealing with the project deadline, didn't get much else done.",3,4,4,career,2025-09-22,"Rough day at work — a few pending tickets kept getting delayed and I felt behind the whole time. Felt pretty drained after dealing with the project deadline, didn't get much else done.","rough day at work  a few pending tickets kept getting delayed and i felt behind the whole time. felt pretty drained after dealing with the project deadline, didn't get much else done.","['rough', 'day', 'work', 'few', 'pending', 'tickets', 'kept', 'getting', 'delayed', 'behind', 'whole', 'time', 'pretty', 'drained', 'after', 'dealing', 'project', 'deadline', ""didn't"", 'get', 'much', 'else', 'done']",33,184,2
2025-09-23,Struggled a lot with correlation vs causation — data visualization is starting to feel overwhelming.,5,2,4,python,2025-09-23,Struggled a lot with correlation vs causation — data visualization is starting to feel overwhelming.,struggled a lot with correlation vs causation  data visualization is starting to feel overwhelming.,"['struggled', 'lot', 'correlation', 'vs', 'causation', 'data', 'visualization', 'starting', 'overwhelming']",15,100,1
2025-09-24,Had a small disagreement with my family today which put a bit of a damper on the day. Today was harder than expected.,4,5,3,"weekend, relationships",2025-09-24,Had a small disagreement with my family today which put a bit of a damper on the day. Today was harder than expected.,had a small disagreement with my family today which put a bit of a damper on the day. today was harder than expected.,"['small', 'disagreement', 'family', 'which', 'put', 'bit', 'damper', 'day', 'harder', 'than', 'expected']",23,117,2
2025-09-25,Thinking about the job interview a lot today but haven't really started preparing yet.,7,4,4,"anxiety, exam",2025-09-25,Thinking about the job interview a lot today but haven't really started preparing yet.,thinking about the job interview a lot today but haven't really started preparing yet.,"['thinking', 'job', 'interview', 'lot', ""haven't"", 'started', 'preparing', 'yet']",14,86,1
2025-09-26,"Did a light swim session, nothing intense, just kept the habit going. Skipped my usual walk today but ate reasonably well. A fairly typical day, all things considered.",5,5,6,"fitness, wellbeing, exercise",2025-09-26,"Did a light swim session, nothing intense, just kept the habit going. Skipped my usual walk today but ate reasonably well. A fairly typical day, all things considered.","did a light swim session, nothing intense, just kept the habit going. skipped my usual walk today but ate reasonably well. a fairly typical day, all things considered.","['light', 'swim', 'session', 'nothing', 'intense', 'kept', 'habit', 'going', 'skipped', 'usual', 'walk', 'ate', 'reasonably', 'well', 'fairly', 'typical', 'day', 'all', 'things', 'considered']",28,167,3
2025-09-27,"Quiet day, spoke with an old friend for a bit over the phone.",7,5,4,"friends, relationships",2025-09-27,"Quiet day, spoke with an old friend for a bit over the phone.","quiet day, spoke with an old friend for a bit over the phone.","['quiet', 'day', 'spoke', 'old', 'friend', 'bit', 'phone']",13,61,1
2025-09-28,"Trip to a local market got cancelled today, which was disappointing. Need to get more rest tonight.",5,6,3,"adventure, travel",2025-09-28,"Trip to a local market got cancelled today, which was disappointing. Need to get more rest tonight.","trip to a local market got cancelled today, which was disappointing. need to get more rest tonight.","['trip', 'local', 'market', 'got', 'cancelled', 'which', 'disappointing', 'need', 'get', 'more', 'rest', 'tonight']",17,99,2
2025-09-29,Wanted to spend time on reading today but couldn't find the motivation. Hoping tomorrow goes a bit better.,1,1,1,reading,2025-09-29,Wanted to spend time on reading today but couldn't find the motivation. Hoping tomorrow goes a bit better.,wanted to spend time on reading today but couldn't find the motivation. hoping tomorrow goes a bit better.,"['wanted', 'spend', 'time', 'reading', ""couldn't"", 'find', 'motivation', 'hoping', 'tomorrow', 'goes', 'bit', 'better']",18,106,2
2025-09-30,"Didn't get any gym workout in today and felt sluggish because of it. Woke up tired and skipped yoga session entirely, energy was low all day. Hoping tomorrow goes a bit better.",4,4,6,"exercise, fitness",2025-09-30,"Didn't get any gym workout in today and felt sluggish because of it. Woke up tired and skipped yoga session entirely, energy was low all day. Hoping tomorrow goes a bit better.","didn't get any gym workout in today and felt sluggish because of it. woke up tired and skipped yoga session entirely, energy was low all day. hoping tomorrow goes a bit better.","[""didn't"", 'get', 'any', 'gym', 'workout', 'sluggish', 'because', 'woke', 'tired', 'skipped', 'yoga', 'session', 'entirely', 'energy', 'low', 'all', 'day', 'hoping', 'tomorrow', 'goes', 'bit', 'better']",32,176,3
2025-10-01,"Couldn't really relax today even though I had the time, mind was too restless.",3,5,2,"sleep, rest",2025-10-01,"Couldn't really relax today even though I had the time, mind was too restless.","couldn't really relax today even though i had the time, mind was too restless.","[""couldn't"", 'relax', 'even', 'though', 'time', 'mind', 'too', 'restless']",14,78,1
2025-10-02,"Looked into travel options for the countryside, nothing booked yet.",6,6,8,"weekend, adventure",2025-10-02,"Looked into travel options for the countryside, nothing booked yet.","looked into travel options for the countryside, nothing booked yet.","['looked', 'into', 'travel', 'options', 'countryside', 'nothing', 'booked', 'yet']",10,67,1
2025-10-03,"Quiet day, spoke with my parents for a bit over the phone.",7,4,3,"weekend, friends",2025-10-03,"Quiet day, spoke with my parents for a bit over the phone.","quiet day, spoke with my parents for a bit over the phone.","['quiet', 'day', 'spoke', 'parents', 'bit', 'phone']",12,58,1
2025-10-05,Thought about picking photography back up today but didn't get to it.,5,5,6,"music, hobbies, creativity",2025-10-05,Thought about picking photography back up today but didn't get to it.,thought about picking photography back up today but didn't get to it.,"['thought', 'picking', 'photography', ""didn't"", 'get']",12,69,1
2025-10-06,"Quiet day, spoke with my sibling for a bit over the phone.",6,8,8,"weekend, friends",2025-10-06,"Quiet day, spoke with my sibling for a bit over the phone.","quiet day, spoke with my sibling for a bit over the phone.","['quiet', 'day', 'spoke', 'sibling', 'bit', 'phone']",12,58,1
2025-10-07,Managed my anxiety about the project deadline well today by breaking the work into smaller pieces.,9,10,6,"exam, stress",2025-10-07,Managed my anxiety about the project deadline well today by breaking the work into smaller pieces.,managed my anxiety about the project deadline well today by breaking the work into smaller pieces.,"['managed', 'anxiety', 'project', 'deadline', 'well', 'by', 'breaking', 'work', 'into', 'smaller', 'pieces']",16,98,1
2025-10-08,"Saw my family briefly today, exchanged a few messages, nothing major. Quiet day, spoke with my family for a bit over the phone.",4,6,5,"friends, weekend, family",2025-10-08,"Saw my family briefly today, exchanged a few messages, nothing major. Quiet day, spoke with my family for a bit over the phone.","saw my family briefly today, exchanged a few messages, nothing major. quiet day, spoke with my family for a bit over the phone.","['saw', 'family', 'briefly', 'exchanged', 'few', 'messages', 'nothing', 'major', 'quiet', 'day', 'spoke', 'family', 'bit', 'phone']",23,127,2
2025-10-10,"Spent most of the day on the quarterly report, nothing particularly noteworthy happened.",7,5,6,"meetings, work, productivity",2025-10-10,"Spent most of the day on the quarterly report, nothing particularly noteworthy happened.","spent most of the day on the quarterly report, nothing particularly noteworthy happened.","['spent', 'most', 'day', 'quarterly', 'report', 'nothing', 'noteworthy', 'happened']",13,88,1
2025-10-11,Skipped my usual swim today but ate reasonably well.,6,6,5,wellbeing,2025-10-11,Skipped my usual swim today but ate reasonably well.,skipped my usual swim today but ate reasonably well.,"['skipped', 'usual', 'swim', 'ate', 'reasonably', 'well']",9,52,1
2025-10-12,"Took a proper rest day today, slept well and just recharged — much needed.",10,8,8,"relaxation, weekend",2025-10-12,"Took a proper rest day today, slept well and just recharged — much needed.","took a proper rest day today, slept well and just recharged  much needed.","['took', 'proper', 'rest', 'day', 'slept', 'well', 'recharged', 'much', 'needed']",14,74,1
2025-10-13,Wanted to spend time on reading today but couldn't find the motivation. Trying not to be too hard on myself about it.,4,5,5,"reading, music, hobbies",2025-10-13,Wanted to spend time on reading today but couldn't find the motivation. Trying not to be too hard on myself about it.,wanted to spend time on reading today but couldn't find the motivation. trying not to be too hard on myself about it.,"['wanted', 'spend', 'time', 'reading', ""couldn't"", 'find', 'motivation', 'trying', 'not', 'too', 'hard', 'myself']",22,117,2
2025-10-14,Did a bit of reading but got distracted halfway through. Ready to see what tomorrow brings.,7,6,7,"hobbies, music, creativity",2025-10-14,Did a bit of reading but got distracted halfway through. Ready to see what tomorrow brings.,did a bit of reading but got distracted halfway through. ready to see what tomorrow brings.,"['bit', 'reading', 'got', 'distracted', 'halfway', 'through', 'ready', 'see', 'what', 'tomorrow', 'brings']",16,91,2
2025-10-15,Read through some notes on overfitting but didn't get much hands-on SQL practice done.,6,6,2,coding,2025-10-15,Read through some notes on overfitting but didn't get much hands-on SQL practice done.,read through some notes on overfitting but didn't get much hands-on sql practice done.,"['read', 'through', 'notes', 'overfitting', ""didn't"", 'get', 'much', 'hands', 'sql', 'practice', 'done']",14,86,1
2025-10-16,"Spent most of the day on the quarterly report, nothing particularly noteworthy happened. Fairly average day at work, mostly just handled the quarterly report without much excitement.",2,4,7,"work, meetings",2025-10-16,"Spent most of the day on the quarterly report, nothing particularly noteworthy happened. Fairly average day at work, mostly just handled the quarterly report without much excitement.","spent most of the day on the quarterly report, nothing particularly noteworthy happened. fairly average day at work, mostly just handled the quarterly report without much excitement.","['spent', 'most', 'day', 'quarterly', 'report', 'nothing', 'noteworthy', 'happened', 'fairly', 'average', 'day', 'work', 'mostly', 'handled', 'quarterly', 'report', 'without', 'much', 'excitement']",27,182,2
2025-10-17,"Fairly average day at work, mostly just handled a few pending tickets without much excitement.",5,5,8,"career, productivity",2025-10-17,"Fairly average day at work, mostly just handled a few pending tickets without much excitement.","fairly average day at work, mostly just handled a few pending tickets without much excitement.","['fairly', 'average', 'day', 'work', 'mostly', 'handled', 'few', 'pending', 'tickets', 'without', 'much', 'excitement']",15,94,1
2025-10-18,"Fairly lazy day overall, mixed a bit of rest with a few small chores. Nothing particularly stands out about today.",8,5,5,weekend,2025-10-18,"Fairly lazy day overall, mixed a bit of rest with a few small chores. Nothing particularly stands out about today.","fairly lazy day overall, mixed a bit of rest with a few small chores. nothing particularly stands out about today.","['fairly', 'lazy', 'day', 'overall', 'mixed', 'bit', 'rest', 'few', 'small', 'chores', 'nothing', 'stands']",20,114,2
2025-10-20,"Made good progress on sketching today, felt really fulfilling. Grateful for how the day turned out.",8,7,8,"creativity, hobbies, reading",2025-10-20,"Made good progress on sketching today, felt really fulfilling. Grateful for how the day turned out.","made good progress on sketching today, felt really fulfilling. grateful for how the day turned out.","['made', 'good', 'progress', 'sketching', 'fulfilling', 'grateful', 'how', 'day', 'turned']",16,99,2
2025-10-21,"Quiet day, spoke with my family for a bit over the phone.",4,5,5,"friends, weekend",2025-10-21,"Quiet day, spoke with my family for a bit over the phone.","quiet day, spoke with my family for a bit over the phone.","['quiet', 'day', 'spoke', 'family', 'bit', 'phone']",12,57,1
2025-10-23,"Spent quality time with my parents today, it was really nice to just relax and catch up. Had a lovely time with my parents — we went for a long walk and it lifted my mood a lot. Grateful for how the day turned out.",7,7,7,"weekend, friends, family",2025-10-23,"Spent quality time with my parents today, it was really nice to just relax and catch up. Had a lovely time with my parents — we went for a long walk and it lifted my mood a lot. Grateful for how the day turned out.","spent quality time with my parents today, it was really nice to just relax and catch up. had a lovely time with my parents  we went for a long walk and it lifted my mood a lot. grateful for how the day turned out.","['spent', 'quality', 'time', 'parents', 'nice', 'relax', 'catch', 'lovely', 'time', 'parents', 'we', 'went', 'long', 'walk', 'lifted', 'mood', 'lot', 'grateful', 'how', 'day', 'turned']",45,214,3
2025-10-24,Read through some notes on overfitting but didn't get much hands-on data visualization practice done. Just an ordinary day overall.,7,5,5,data science,2025-10-24,Read through some notes on overfitting but didn't get much hands-on data visualization practice done. Just an ordinary day overall.,read through some notes on overfitting but didn't get much hands-on data visualization practice done. just an ordinary day overall.,"['read', 'through', 'notes', 'overfitting', ""didn't"", 'get', 'much', 'hands', 'data', 'visualization', 'practice', 'done', 'ordinary', 'day', 'overall']",20,131,2
2025-10-25,Explored the nearby hill station for the first time — such a great way to break the routine. Looking forward to more days like this.,7,6,8,adventure,2025-10-25,Explored the nearby hill station for the first time — such a great way to break the routine. Looking forward to more days like this.,explored the nearby hill station for the first time  such a great way to break the routine. looking forward to more days like this.,"['explored', 'nearby', 'hill', 'station', 'first', 'time', 'such', 'great', 'way', 'break', 'routine', 'looking', 'forward', 'more', 'days', 'like']",25,132,2
2025-10-26,"Took a proper rest day today, slept well and just recharged — much needed.",5,7,7,"relaxation, sleep",2025-10-26,"Took a proper rest day today, slept well and just recharged — much needed.","took a proper rest day today, slept well and just recharged  much needed.","['took', 'proper', 'rest', 'day', 'slept', 'well', 'recharged', 'much', 'needed']",14,74,1
2025-10-27,"Saw a close friend briefly today, exchanged a few messages, nothing major. A fairly typical day, all things considered.",7,5,7,"family, friends, weekend",2025-10-27,"Saw a close friend briefly today, exchanged a few messages, nothing major. A fairly typical day, all things considered.","saw a close friend briefly today, exchanged a few messages, nothing major. a fairly typical day, all things considered.","['saw', 'close', 'friend', 'briefly', 'exchanged', 'few', 'messages', 'nothing', 'major', 'fairly', 'typical', 'day', 'all', 'things', 'considered']",19,119,2
2025-10-28,"Thinking about planning a trip to a local market sometime soon, haven't decided yet. A fairly typical day, all things considered.",5,6,7,weekend,2025-10-28,"Thinking about planning a trip to a local market sometime soon, haven't decided yet. A fairly typical day, all things considered.","thinking about planning a trip to a local market sometime soon, haven't decided yet. a fairly typical day, all things considered.","['thinking', 'planning', 'trip', 'local', 'market', 'sometime', 'soon', ""haven't"", 'decided', 'yet', 'fairly', 'typical', 'day', 'all', 'things', 'considered']",21,129,2
2025-10-29,"Managed to fit in a good yoga session session, my energy levels were noticeably higher afterward. Ending the day in a good mood.",10,8,9,"fitness, exercise",2025-10-29,"Managed to fit in a good yoga session session, my energy levels were noticeably higher afterward. Ending the day in a good mood.","managed to fit in a good yoga session session, my energy levels were noticeably higher afterward. ending the day in a good mood.","['managed', 'fit', 'good', 'yoga', 'session', 'session', 'energy', 'levels', 'noticeably', 'higher', 'afterward', 'ending', 'day', 'good', 'mood']",23,128,2
2025-10-30,Managed my anxiety about the project deadline well today by breaking the work into smaller pieces.,7,7,8,"deadline, anxiety",2025-10-30,Managed my anxiety about the project deadline well today by breaking the work into smaller pieces.,managed my anxiety about the project deadline well today by breaking the work into smaller pieces.,"['managed', 'anxiety', 'project', 'deadline', 'well', 'by', 'breaking', 'work', 'into', 'smaller', 'pieces']",16,98,1
2025-10-31,"Saw a close friend briefly today, exchanged a few messages, nothing major. Quiet day, spoke with my parents for a bit over the phone.",5,5,7,"weekend, family, relationships",2025-10-31,"Saw a close friend briefly today, exchanged a few messages, nothing major. Quiet day, spoke with my parents for a bit over the phone.","saw a close friend briefly today, exchanged a few messages, nothing major. quiet day, spoke with my parents for a bit over the phone.","['saw', 'close', 'friend', 'briefly', 'exchanged', 'few', 'messages', 'nothing', 'major', 'quiet', 'day', 'spoke', 'parents', 'bit', 'phone']",24,133,2
2025-11-01,"Thinking about the project deadline a lot today but haven't really started preparing yet. The presentation is coming up soon, feeling a mix of nervous and okay about it.",6,7,5,anxiety,2025-11-01,"Thinking about the project deadline a lot today but haven't really started preparing yet. The presentation is coming up soon, feeling a mix of nervous and okay about it.","thinking about the project deadline a lot today but haven't really started preparing yet. the presentation is coming up soon, feeling a mix of nervous and okay about it.","['thinking', 'project', 'deadline', 'lot', ""haven't"", 'started', 'preparing', 'yet', 'presentation', 'coming', 'soon', 'feeling', 'mix', 'nervous', 'okay']",29,169,2
2025-11-02,Had a really productive day at work — cleared most of my a client presentation and even helped a coworker with theirs.,8,6,8,"meetings, work, career",2025-11-02,Had a really productive day at work — cleared most of my a client presentation and even helped a coworker with theirs.,had a really productive day at work  cleared most of my a client presentation and even helped a coworker with theirs.,"['productive', 'day', 'work', 'cleared', 'most', 'client', 'presentation', 'even', 'helped', 'coworker', 'theirs']",22,118,1
2025-11-03,"Quiet day, spoke with my sibling for a bit over the phone. A fairly typical day, all things considered.",3,4,4,family,2025-11-03,"Quiet day, spoke with my sibling for a bit over the phone. A fairly typical day, all things considered.","quiet day, spoke with my sibling for a bit over the phone. a fairly typical day, all things considered.","['quiet', 'day', 'spoke', 'sibling', 'bit', 'phone', 'fairly', 'typical', 'day', 'all', 'things', 'considered']",19,103,2
2025-11-04,Thinking about the assignment due date a lot today but haven't really started preparing yet. Ready to see what tomorrow brings.,5,5,6,"anxiety, stress",2025-11-04,Thinking about the assignment due date a lot today but haven't really started preparing yet. Ready to see what tomorrow brings.,thinking about the assignment due date a lot today but haven't really started preparing yet. ready to see what tomorrow brings.,"['thinking', 'assignment', 'due', 'date', 'lot', ""haven't"", 'started', 'preparing', 'yet', 'ready', 'see', 'what', 'tomorrow', 'brings']",21,127,2
2025-11-06,"Did a light yoga session session, nothing intense, just kept the habit going. Skipped my usual walk today but ate reasonably well.",6,7,7,"fitness, health",2025-11-06,"Did a light yoga session session, nothing intense, just kept the habit going. Skipped my usual walk today but ate reasonably well.","did a light yoga session session, nothing intense, just kept the habit going. skipped my usual walk today but ate reasonably well.","['light', 'yoga', 'session', 'session', 'nothing', 'intense', 'kept', 'habit', 'going', 'skipped', 'usual', 'walk', 'ate', 'reasonably', 'well']",22,130,2
2025-11-07,Rough day at work — a backlog of emails kept getting delayed and I felt behind the whole time. Today was harder than expected.,2,1,2,"career, productivity, meetings",2025-11-07,Rough day at work — a backlog of emails kept getting delayed and I felt behind the whole time. Today was harder than expected.,rough day at work  a backlog of emails kept getting delayed and i felt behind the whole time. today was harder than expected.,"['rough', 'day', 'work', 'backlog', 'emails', 'kept', 'getting', 'delayed', 'behind', 'whole', 'time', 'harder', 'than', 'expected']",24,126,2
2025-11-08,"Spent most of the day on the quarterly report, nothing particularly noteworthy happened. Fairly average day at work, mostly just handled a client presentation without much excitement. Just an ordinary day overall.",7,7,5,productivity,2025-11-08,"Spent most of the day on the quarterly report, nothing particularly noteworthy happened. Fairly average day at work, mostly just handled a client presentation without much excitement. Just an ordinary day overall.","spent most of the day on the quarterly report, nothing particularly noteworthy happened. fairly average day at work, mostly just handled a client presentation without much excitement. just an ordinary day overall.","['spent', 'most', 'day', 'quarterly', 'report', 'nothing', 'noteworthy', 'happened', 'fairly', 'average', 'day', 'work', 'mostly', 'handled', 'client', 'presentation', 'without', 'much', 'excitement', 'ordinary', 'day', 'overall']",32,213,3
2025-11-09,"Thinking about planning a trip to the countryside sometime soon, haven't decided yet. Nothing particularly stands out about today.",6,4,4,"adventure, weekend",2025-11-09,"Thinking about planning a trip to the countryside sometime soon, haven't decided yet. Nothing particularly stands out about today.","thinking about planning a trip to the countryside sometime soon, haven't decided yet. nothing particularly stands out about today.","['thinking', 'planning', 'trip', 'countryside', 'sometime', 'soon', ""haven't"", 'decided', 'yet', 'nothing', 'stands']",19,130,2
2025-11-10,"Good day overall, made solid progress on a backlog of emails and the team meeting went smoothly. Looking forward to more days like this.",6,8,8,"work, productivity, meetings",2025-11-10,"Good day overall, made solid progress on a backlog of emails and the team meeting went smoothly. Looking forward to more days like this.","good day overall, made solid progress on a backlog of emails and the team meeting went smoothly. looking forward to more days like this.","['good', 'day', 'overall', 'made', 'solid', 'progress', 'backlog', 'emails', 'team', 'meeting', 'went', 'smoothly', 'looking', 'forward', 'more', 'days', 'like']",24,136,2
2025-11-11,Had a small disagreement with an old friend today which put a bit of a damper on the day. Hoping tomorrow goes a bit better.,5,5,4,friends,2025-11-11,Had a small disagreement with an old friend today which put a bit of a damper on the day. Hoping tomorrow goes a bit better.,had a small disagreement with an old friend today which put a bit of a damper on the day. hoping tomorrow goes a bit better.,"['small', 'disagreement', 'old', 'friend', 'which', 'put', 'bit', 'damper', 'day', 'hoping', 'tomorrow', 'goes', 'bit', 'better']",25,124,2
2025-11-12,"Struggled to focus on a few pending tickets today, kept getting pulled into unnecessary meetings.",3,3,5,"meetings, productivity",2025-11-12,"Struggled to focus on a few pending tickets today, kept getting pulled into unnecessary meetings.","struggled to focus on a few pending tickets today, kept getting pulled into unnecessary meetings.","['struggled', 'focus', 'few', 'pending', 'tickets', 'kept', 'getting', 'pulled', 'into', 'unnecessary', 'meetings']",15,97,1
2025-11-13,Struggled a lot with gradient descent — data visualization is starting to feel overwhelming.,4,2,4,"coding, learning",2025-11-13,Struggled a lot with gradient descent — data visualization is starting to feel overwhelming.,struggled a lot with gradient descent  data visualization is starting to feel overwhelming.,"['struggled', 'lot', 'gradient', 'descent', 'data', 'visualization', 'starting', 'overwhelming']",14,92,1
2025-11-14,"Spent most of the day on the quarterly report, nothing particularly noteworthy happened. Nothing particularly stands out about today.",8,4,8,"meetings, productivity, work",2025-11-14,"Spent most of the day on the quarterly report, nothing particularly noteworthy happened. Nothing particularly stands out about today.","spent most of the day on the quarterly report, nothing particularly noteworthy happened. nothing particularly stands out about today.","['spent', 'most', 'day', 'quarterly', 'report', 'nothing', 'noteworthy', 'happened', 'nothing', 'stands']",19,133,2
2025-11-15,"Did a light swim session, nothing intense, just kept the habit going. A fairly typical day, all things considered.",7,6,6,"exercise, wellbeing",2025-11-15,"Did a light swim session, nothing intense, just kept the habit going. A fairly typical day, all things considered.","did a light swim session, nothing intense, just kept the habit going. a fairly typical day, all things considered.","['light', 'swim', 'session', 'nothing', 'intense', 'kept', 'habit', 'going', 'fairly', 'typical', 'day', 'all', 'things', 'considered']",19,114,2
2025-11-16,"Thinking about planning a trip to a local market sometime soon, haven't decided yet. Ready to see what tomorrow brings.",7,5,7,"weekend, adventure, travel",2025-11-16,"Thinking about planning a trip to a local market sometime soon, haven't decided yet. Ready to see what tomorrow brings.","thinking about planning a trip to a local market sometime soon, haven't decided yet. ready to see what tomorrow brings.","['thinking', 'planning', 'trip', 'local', 'market', 'sometime', 'soon', ""haven't"", 'decided', 'yet', 'ready', 'see', 'what', 'tomorrow', 'brings']",20,119,2
2025-11-17,"Saw my sibling briefly today, exchanged a few messages, nothing major. Nothing particularly stands out about today.",4,3,5,"family, friends",2025-11-17,"Saw my sibling briefly today, exchanged a few messages, nothing major. Nothing particularly stands out about today.","saw my sibling briefly today, exchanged a few messages, nothing major. nothing particularly stands out about today.","['saw', 'sibling', 'briefly', 'exchanged', 'few', 'messages', 'nothing', 'major', 'nothing', 'stands']",17,115,2
2025-11-18,"Good day overall, made solid progress on a few pending tickets and the team meeting went smoothly.",8,7,6,work,2025-11-18,"Good day overall, made solid progress on a few pending tickets and the team meeting went smoothly.","good day overall, made solid progress on a few pending tickets and the team meeting went smoothly.","['good', 'day', 'overall', 'made', 'solid', 'progress', 'few', 'pending', 'tickets', 'team', 'meeting', 'went', 'smoothly']",17,98,1
2025-11-19,"Did a light walk session, nothing intense, just kept the habit going.",4,4,6,"health, fitness, wellbeing",2025-11-19,"Did a light walk session, nothing intense, just kept the habit going.","did a light walk session, nothing intense, just kept the habit going.","['light', 'walk', 'session', 'nothing', 'intense', 'kept', 'habit', 'going']",12,69,1
2025-11-20,"Did absolutely nothing productive today and it felt great, exactly the break I needed. Feeling optimistic about tomorrow.",10,7,10,"rest, sleep, weekend",2025-11-20,"Did absolutely nothing productive today and it felt great, exactly the break I needed. Feeling optimistic about tomorrow.","did absolutely nothing productive today and it felt great, exactly the break i needed. feeling optimistic about tomorrow.","['absolutely', 'nothing', 'productive', 'great', 'exactly', 'break', 'needed', 'feeling', 'optimistic', 'tomorrow']",18,121,2
2025-11-21,Skipped my usual gym workout today but ate reasonably well.,6,7,6,"exercise, health",2025-11-21,Skipped my usual gym workout today but ate reasonably well.,skipped my usual gym workout today but ate reasonably well.,"['skipped', 'usual', 'gym', 'workout', 'ate', 'reasonably', 'well']",10,59,1
2025-11-22,"Thinking about the job interview a lot today but haven't really started preparing yet. The job interview is coming up soon, feeling a mix of nervous and okay about it.",6,4,4,exam,2025-11-22,"Thinking about the job interview a lot today but haven't really started preparing yet. The job interview is coming up soon, feeling a mix of nervous and okay about it.","thinking about the job interview a lot today but haven't really started preparing yet. the job interview is coming up soon, feeling a mix of nervous and okay about it.","['thinking', 'job', 'interview', 'lot', ""haven't"", 'started', 'preparing', 'yet', 'job', 'interview', 'coming', 'soon', 'feeling', 'mix', 'nervous', 'okay']",30,167,2
2025-11-23,"Made good progress on playing guitar today, felt really fulfilling.",7,6,6,"reading, hobbies",2025-11-23,"Made good progress on playing guitar today, felt really fulfilling.","made good progress on playing guitar today, felt really fulfilling.","['made', 'good', 'progress', 'playing', 'guitar', 'fulfilling']",10,67,1
2025-11-24,"Made good progress on playing guitar today, felt really fulfilling. Spent the evening on photography, completely lost track of time — it was exactly what I needed.",7,6,9,"creativity, reading, hobbies",2025-11-24,"Made good progress on playing guitar today, felt really fulfilling. Spent the evening on photography, completely lost track of time — it was exactly what I needed.","made good progress on playing guitar today, felt really fulfilling. spent the evening on photography, completely lost track of time  it was exactly what i needed.","['made', 'good', 'progress', 'playing', 'guitar', 'fulfilling', 'spent', 'evening', 'photography', 'completely', 'lost', 'track', 'time', 'exactly', 'what', 'needed']",27,163,2
2025-11-25,"Did absolutely nothing productive today and it felt great, exactly the break I needed.",9,10,10,"weekend, relaxation",2025-11-25,"Did absolutely nothing productive today and it felt great, exactly the break I needed.","did absolutely nothing productive today and it felt great, exactly the break i needed.","['absolutely', 'nothing', 'productive', 'great', 'exactly', 'break', 'needed']",14,86,1
2025-11-26,"Good day overall, made solid progress on the quarterly report and the team meeting went smoothly.",8,9,9,"productivity, work, career",2025-11-26,"Good day overall, made solid progress on the quarterly report and the team meeting went smoothly.","good day overall, made solid progress on the quarterly report and the team meeting went smoothly.","['good', 'day', 'overall', 'made', 'solid', 'progress', 'quarterly', 'report', 'team', 'meeting', 'went', 'smoothly']",16,97,1
2025-11-27,Missed a call from my parents and felt a bit guilty about not making more time for them lately. Today was harder than expected.,5,2,3,"friends, weekend",2025-11-27,Missed a call from my parents and felt a bit guilty about not making more time for them lately. Today was harder than expected.,missed a call from my parents and felt a bit guilty about not making more time for them lately. today was harder than expected.,"['missed', 'call', 'from', 'parents', 'bit', 'guilty', 'not', 'making', 'more', 'time', 'them', 'lately', 'harder', 'than', 'expected']",24,127,2
2025-11-28,"Spent the evening on reading, completely lost track of time — it was exactly what I needed. Made good progress on writing today, felt really fulfilling. Overall a pretty good day.",8,9,7,"creativity, hobbies, reading",2025-11-28,"Spent the evening on reading, completely lost track of time — it was exactly what I needed. Made good progress on writing today, felt really fulfilling. Overall a pretty good day.","spent the evening on reading, completely lost track of time  it was exactly what i needed. made good progress on writing today, felt really fulfilling. overall a pretty good day.","['spent', 'evening', 'reading', 'completely', 'lost', 'track', 'time', 'exactly', 'what', 'needed', 'made', 'good', 'progress', 'writing', 'fulfilling', 'overall', 'pretty', 'good', 'day']",31,179,3
2025-11-29,Wanted to spend time on playing guitar today but couldn't find the motivation.,4,5,4,"hobbies, music",2025-11-29,Wanted to spend time on playing guitar today but couldn't find the motivation.,wanted to spend time on playing guitar today but couldn't find the motivation.,"['wanted', 'spend', 'time', 'playing', 'guitar', ""couldn't"", 'find', 'motivation']",13,78,1
2025-11-30,I made real progress on statistics today — correlation vs causation finally clicked after struggling with it for a while. Today I spent a few hours learning SQL and finally understood how correlation vs causation works.,7,8,6,"study, learning",2025-11-30,I made real progress on statistics today — correlation vs causation finally clicked after struggling with it for a while. Today I spent a few hours learning SQL and finally understood how correlation vs causation works.,i made real progress on statistics today  correlation vs causation finally clicked after struggling with it for a while. today i spent a few hours learning sql and finally understood how correlation vs causation works.,"['made', 'real', 'progress', 'statistics', 'correlation', 'vs', 'causation', 'finally', 'clicked', 'after', 'struggling', 'while', 'spent', 'few', 'hours', 'learning', 'sql', 'finally', 'understood', 'how', 'correlation', 'vs', 'causation', 'works']",36,219,2
2025-12-01,"Spent some time reviewing machine learning, mostly going over overfitting again. Ready to see what tomorrow brings.",7,6,6,learning,2025-12-01,"Spent some time reviewing machine learning, mostly going over overfitting again. Ready to see what tomorrow brings.","spent some time reviewing machine learning, mostly going over overfitting again. ready to see what tomorrow brings.","['spent', 'time', 'reviewing', 'machine', 'learning', 'mostly', 'going', 'overfitting', 'ready', 'see', 'what', 'tomorrow', 'brings']",17,115,2
2025-12-02,Did a bit of writing but got distracted halfway through. Ready to see what tomorrow brings.,5,8,5,hobbies,2025-12-02,Did a bit of writing but got distracted halfway through. Ready to see what tomorrow brings.,did a bit of writing but got distracted halfway through. ready to see what tomorrow brings.,"['bit', 'writing', 'got', 'distracted', 'halfway', 'through', 'ready', 'see', 'what', 'tomorrow', 'brings']",16,91,2
2025-12-03,"Fairly average day at work, mostly just handled a few pending tickets without much excitement.",3,4,5,"career, work",2025-12-03,"Fairly average day at work, mostly just handled a few pending tickets without much excitement.","fairly average day at work, mostly just handled a few pending tickets without much excitement.","['fairly', 'average', 'day', 'work', 'mostly', 'handled', 'few', 'pending', 'tickets', 'without', 'much', 'excitement']",15,94,1
2025-12-04,Tried to study SQL today but kept getting stuck on correlation vs causation and felt frustrated. Struggled a lot with correlation vs causation — machine learning is starting to feel overwhelming.,6,4,6,"coding, study, learning",2025-12-04,Tried to study SQL today but kept getting stuck on correlation vs causation and felt frustrated. Struggled a lot with correlation vs causation — machine learning is starting to feel overwhelming.,tried to study sql today but kept getting stuck on correlation vs causation and felt frustrated. struggled a lot with correlation vs causation  machine learning is starting to feel overwhelming.,"['tried', 'study', 'sql', 'kept', 'getting', 'stuck', 'correlation', 'vs', 'causation', 'frustrated', 'struggled', 'lot', 'correlation', 'vs', 'causation', 'machine', 'learning', 'starting', 'overwhelming']",31,195,2
2025-12-05,Read through some notes on hypothesis testing but didn't get much hands-on pandas practice done. Ready to see what tomorrow brings.,5,5,6,"python, coding",2025-12-05,Read through some notes on hypothesis testing but didn't get much hands-on pandas practice done. Ready to see what tomorrow brings.,read through some notes on hypothesis testing but didn't get much hands-on pandas practice done. ready to see what tomorrow brings.,"['read', 'through', 'notes', 'hypothesis', 'testing', ""didn't"", 'get', 'much', 'hands', 'pandas', 'practice', 'done', 'ready', 'see', 'what', 'tomorrow', 'brings']",21,131,2
2025-12-06,"Worked through a tricky problem involving feature engineering and felt genuinely satisfied once it worked. Had a productive study session on pandas, especially around joins. Ending the day in a good mood.",6,6,7,"study, data science",2025-12-06,"Worked through a tricky problem involving feature engineering and felt genuinely satisfied once it worked. Had a productive study session on pandas, especially around joins. Ending the day in a good mood.","worked through a tricky problem involving feature engineering and felt genuinely satisfied once it worked. had a productive study session on pandas, especially around joins. ending the day in a good mood.","['worked', 'through', 'tricky', 'problem', 'involving', 'feature', 'engineering', 'genuinely', 'satisfied', 'once', 'worked', 'productive', 'study', 'session', 'pandas', 'especially', 'around', 'joins', 'ending', 'day', 'good', 'mood']",32,204,3
2025-12-07,Thought about picking writing back up today but didn't get to it. Ready to see what tomorrow brings.,7,7,5,hobbies,2025-12-07,Thought about picking writing back up today but didn't get to it. Ready to see what tomorrow brings.,thought about picking writing back up today but didn't get to it. ready to see what tomorrow brings.,"['thought', 'picking', 'writing', ""didn't"", 'get', 'ready', 'see', 'what', 'tomorrow', 'brings']",18,100,2
2025-12-08,"Did absolutely nothing productive today and it felt great, exactly the break I needed.",8,8,9,"weekend, sleep, rest",2025-12-08,"Did absolutely nothing productive today and it felt great, exactly the break I needed.","did absolutely nothing productive today and it felt great, exactly the break i needed.","['absolutely', 'nothing', 'productive', 'great', 'exactly', 'break', 'needed']",14,86,1
2025-12-09,"Fairly lazy day overall, mixed a bit of rest with a few small chores.",6,7,7,weekend,2025-12-09,"Fairly lazy day overall, mixed a bit of rest with a few small chores.","fairly lazy day overall, mixed a bit of rest with a few small chores.","['fairly', 'lazy', 'day', 'overall', 'mixed', 'bit', 'rest', 'few', 'small', 'chores']",14,69,1
2025-12-10,"Fairly lazy day overall, mixed a bit of rest with a few small chores.",7,2,4,"sleep, weekend, relaxation",2025-12-10,"Fairly lazy day overall, mixed a bit of rest with a few small chores.","fairly lazy day overall, mixed a bit of rest with a few small chores.","['fairly', 'lazy', 'day', 'overall', 'mixed', 'bit', 'rest', 'few', 'small', 'chores']",14,69,1
2025-12-11,"Didn't get any run in today and felt sluggish because of it. Woke up tired and skipped yoga session entirely, energy was low all day. Need to get more rest tonight.",3,3,2,"fitness, exercise",2025-12-11,"Didn't get any run in today and felt sluggish because of it. Woke up tired and skipped yoga session entirely, energy was low all day. Need to get more rest tonight.","didn't get any run in today and felt sluggish because of it. woke up tired and skipped yoga session entirely, energy was low all day. need to get more rest tonight.","[""didn't"", 'get', 'any', 'run', 'sluggish', 'because', 'woke', 'tired', 'skipped', 'yoga', 'session', 'entirely', 'energy', 'low', 'all', 'day', 'need', 'get', 'more', 'rest', 'tonight']",31,164,3
2025-12-12,"Trip to the coast got cancelled today, which was disappointing.",3,7,6,"travel, adventure",2025-12-12,"Trip to the coast got cancelled today, which was disappointing.","trip to the coast got cancelled today, which was disappointing.","['trip', 'coast', 'got', 'cancelled', 'which', 'disappointing']",10,63,1
2025-12-13,"Did a light yoga session session, nothing intense, just kept the habit going.",5,4,2,"health, wellbeing",2025-12-13,"Did a light yoga session session, nothing intense, just kept the habit going.","did a light yoga session session, nothing intense, just kept the habit going.","['light', 'yoga', 'session', 'session', 'nothing', 'intense', 'kept', 'habit', 'going']",13,77,1
2025-12-14,Thought about picking sketching back up today but didn't get to it.,5,6,3,"reading, creativity",2025-12-14,Thought about picking sketching back up today but didn't get to it.,thought about picking sketching back up today but didn't get to it.,"['thought', 'picking', 'sketching', ""didn't"", 'get']",12,67,1
2025-12-15,"Trip to the nearby hill station got cancelled today, which was disappointing. Trying not to be too hard on myself about it.",4,5,5,"adventure, travel",2025-12-15,"Trip to the nearby hill station got cancelled today, which was disappointing. Trying not to be too hard on myself about it.","trip to the nearby hill station got cancelled today, which was disappointing. trying not to be too hard on myself about it.","['trip', 'nearby', 'hill', 'station', 'got', 'cancelled', 'which', 'disappointing', 'trying', 'not', 'too', 'hard', 'myself']",22,123,2
2025-12-16,"Couldn't really relax today even though I had the time, mind was too restless. Slept badly last night and it affected the whole day.",4,2,4,"rest, relaxation",2025-12-16,"Couldn't really relax today even though I had the time, mind was too restless. Slept badly last night and it affected the whole day.","couldn't really relax today even though i had the time, mind was too restless. slept badly last night and it affected the whole day.","[""couldn't"", 'relax', 'even', 'though', 'time', 'mind', 'too', 'restless', 'slept', 'badly', 'last', 'night', 'affected', 'whole', 'day']",24,132,2
2025-12-17,"Did a bit of Python practice today, nothing major, just consolidating overfitting.",4,5,6,python,2025-12-17,"Did a bit of Python practice today, nothing major, just consolidating overfitting.","did a bit of python practice today, nothing major, just consolidating overfitting.","['bit', 'python', 'practice', 'nothing', 'major', 'consolidating', 'overfitting']",12,82,1
2025-12-18,"Spent some time reviewing Python, mostly going over hypothesis testing again. Nothing particularly stands out about today.",6,8,8,"learning, study",2025-12-18,"Spent some time reviewing Python, mostly going over hypothesis testing again. Nothing particularly stands out about today.","spent some time reviewing python, mostly going over hypothesis testing again. nothing particularly stands out about today.","['spent', 'time', 'reviewing', 'python', 'mostly', 'going', 'hypothesis', 'testing', 'nothing', 'stands']",17,122,2
2025-12-19,"Spent most of the day on the quarterly report, nothing particularly noteworthy happened. Fairly average day at work, mostly just handled the project deadline without much excitement. Just an ordinary day overall.",6,8,8,"career, productivity",2025-12-19,"Spent most of the day on the quarterly report, nothing particularly noteworthy happened. Fairly average day at work, mostly just handled the project deadline without much excitement. Just an ordinary day overall.","spent most of the day on the quarterly report, nothing particularly noteworthy happened. fairly average day at work, mostly just handled the project deadline without much excitement. just an ordinary day overall.","['spent', 'most', 'day', 'quarterly', 'report', 'nothing', 'noteworthy', 'happened', 'fairly', 'average', 'day', 'work', 'mostly', 'handled', 'project', 'deadline', 'without', 'much', 'excitement', 'ordinary', 'day', 'overall']",32,212,3
2025-12-20,Slept badly last night and it affected the whole day.,3,6,2,"weekend, rest",2025-12-20,Slept badly last night and it affected the whole day.,slept badly last night and it affected the whole day.,"['slept', 'badly', 'last', 'night', 'affected', 'whole', 'day']",10,53,1
2025-12-21,Struggled a lot with joins — data visualization is starting to feel overwhelming.,3,4,3,"study, data science",2025-12-21,Struggled a lot with joins — data visualization is starting to feel overwhelming.,struggled a lot with joins  data visualization is starting to feel overwhelming.,"['struggled', 'lot', 'joins', 'data', 'visualization', 'starting', 'overwhelming']",13,81,1
2025-12-22,Had a small disagreement with an old friend today which put a bit of a damper on the day. Trying not to be too hard on myself about it.,3,3,3,friends,2025-12-22,Had a small disagreement with an old friend today which put a bit of a damper on the day. Trying not to be too hard on myself about it.,had a small disagreement with an old friend today which put a bit of a damper on the day. trying not to be too hard on myself about it.,"['small', 'disagreement', 'old', 'friend', 'which', 'put', 'bit', 'damper', 'day', 'trying', 'not', 'too', 'hard', 'myself']",29,135,2
2025-12-23,"Despite the upcoming exam, I felt in control today and made good progress preparing for it. Managed my anxiety about the presentation well today by breaking the work into smaller pieces.",9,10,9,"stress, anxiety",2025-12-23,"Despite the upcoming exam, I felt in control today and made good progress preparing for it. Managed my anxiety about the presentation well today by breaking the work into smaller pieces.","despite the upcoming exam, i felt in control today and made good progress preparing for it. managed my anxiety about the presentation well today by breaking the work into smaller pieces.","['despite', 'upcoming', 'exam', 'control', 'made', 'good', 'progress', 'preparing', 'managed', 'anxiety', 'presentation', 'well', 'by', 'breaking', 'work', 'into', 'smaller', 'pieces']",31,186,2
2025-12-24,"Fairly average day at work, mostly just handled a backlog of emails without much excitement.",5,2,4,work,2025-12-24,"Fairly average day at work, mostly just handled a backlog of emails without much excitement.","fairly average day at work, mostly just handled a backlog of emails without much excitement.","['fairly', 'average', 'day', 'work', 'mostly', 'handled', 'backlog', 'emails', 'without', 'much', 'excitement']",15,92,1
2025-12-25,"Slept badly last night and it affected the whole day. Couldn't really relax today even though I had the time, mind was too restless.",1,1,5,rest,2025-12-25,"Slept badly last night and it affected the whole day. Couldn't really relax today even though I had the time, mind was too restless.","slept badly last night and it affected the whole day. couldn't really relax today even though i had the time, mind was too restless.","['slept', 'badly', 'last', 'night', 'affected', 'whole', 'day', ""couldn't"", 'relax', 'even', 'though', 'time', 'mind', 'too', 'restless']",24,132,2
2025-12-26,Thinking about the assignment due date a lot today but haven't really started preparing yet.,6,6,6,"exam, stress, anxiety",2025-12-26,Thinking about the assignment due date a lot today but haven't really started preparing yet.,thinking about the assignment due date a lot today but haven't really started preparing yet.,"['thinking', 'assignment', 'due', 'date', 'lot', ""haven't"", 'started', 'preparing', 'yet']",15,92,1
2025-12-27,Missed a call from my parents and felt a bit guilty about not making more time for them lately.,5,5,3,"family, relationships",2025-12-27,Missed a call from my parents and felt a bit guilty about not making more time for them lately.,missed a call from my parents and felt a bit guilty about not making more time for them lately.,"['missed', 'call', 'from', 'parents', 'bit', 'guilty', 'not', 'making', 'more', 'time', 'them', 'lately']",19,95,1
2025-12-28,"Spent the evening on reading, completely lost track of time — it was exactly what I needed. Looking forward to more days like this.",7,6,5,"creativity, hobbies",2025-12-28,"Spent the evening on reading, completely lost track of time — it was exactly what I needed. Looking forward to more days like this.","spent the evening on reading, completely lost track of time  it was exactly what i needed. looking forward to more days like this.","['spent', 'evening', 'reading', 'completely', 'lost', 'track', 'time', 'exactly', 'what', 'needed', 'looking', 'forward', 'more', 'days', 'like']",24,131,2
2025-12-29,Slept badly last night and it affected the whole day. Today was harder than expected.,4,4,3,rest,2025-12-29,Slept badly last night and it affected the whole day. Today was harder than expected.,slept badly last night and it affected the whole day. today was harder than expected.,"['slept', 'badly', 'last', 'night', 'affected', 'whole', 'day', 'harder', 'than', 'expected']",15,85,2
2025-12-30,"Thinking about the job interview a lot today but haven't really started preparing yet. The project deadline is coming up soon, feeling a mix of nervous and okay about it. Nothing particularly stands out about today.",6,6,7,"anxiety, deadline",2025-12-30,"Thinking about the job interview a lot today but haven't really started preparing yet. The project deadline is coming up soon, feeling a mix of nervous and okay about it. Nothing particularly stands out about today.","thinking about the job interview a lot today but haven't really started preparing yet. the project deadline is coming up soon, feeling a mix of nervous and okay about it. nothing particularly stands out about today.","['thinking', 'job', 'interview', 'lot', ""haven't"", 'started', 'preparing', 'yet', 'project', 'deadline', 'coming', 'soon', 'feeling', 'mix', 'nervous', 'okay', 'nothing', 'stands']",36,215,3
2026-01-01,"Spent the evening on writing, completely lost track of time — it was exactly what I needed.",6,10,7,"hobbies, reading",2026-01-01,"Spent the evening on writing, completely lost track of time — it was exactly what I needed.","spent the evening on writing, completely lost track of time  it was exactly what i needed.","['spent', 'evening', 'writing', 'completely', 'lost', 'track', 'time', 'exactly', 'what', 'needed']",17,91,1
2026-01-02,"Spent the evening on reading, completely lost track of time — it was exactly what I needed.",8,7,5,"reading, hobbies",2026-01-02,"Spent the evening on reading, completely lost track of time — it was exactly what I needed.","spent the evening on reading, completely lost track of time  it was exactly what i needed.","['spent', 'evening', 'reading', 'completely', 'lost', 'track', 'time', 'exactly', 'what', 'needed']",17,91,1
2026-01-03,"Did a light run session, nothing intense, just kept the habit going. Skipped my usual run today but ate reasonably well.",4,7,7,"wellbeing, health",2026-01-03,"Did a light run session, nothing intense, just kept the habit going. Skipped my usual run today but ate reasonably well.","did a light run session, nothing intense, just kept the habit going. skipped my usual run today but ate reasonably well.","['light', 'run', 'session', 'nothing', 'intense', 'kept', 'habit', 'going', 'skipped', 'usual', 'run', 'ate', 'reasonably', 'well']",21,120,2
2026-01-04,"Fairly lazy day overall, mixed a bit of rest with a few small chores. Ready to see what tomorrow brings.",5,4,3,relaxation,2026-01-04,"Fairly lazy day overall, mixed a bit of rest with a few small chores. Ready to see what tomorrow brings.","fairly lazy day overall, mixed a bit of rest with a few small chores. ready to see what tomorrow brings.","['fairly', 'lazy', 'day', 'overall', 'mixed', 'bit', 'rest', 'few', 'small', 'chores', 'ready', 'see', 'what', 'tomorrow', 'brings']",20,104,2
2026-01-05,"Had a lovely time with my family — we just talked for hours and it lifted my mood a lot. Great day with a close friend, nothing planned but it turned out to be one of the better days recently. Overall a pretty good day.",7,9,6,"weekend, friends",2026-01-05,"Had a lovely time with my family — we just talked for hours and it lifted my mood a lot. Great day with a close friend, nothing planned but it turned out to be one of the better days recently. Overall a pretty good day.","had a lovely time with my family  we just talked for hours and it lifted my mood a lot. great day with a close friend, nothing planned but it turned out to be one of the better days recently. overall a pretty good day.","['lovely', 'time', 'family', 'we', 'talked', 'hours', 'lifted', 'mood', 'lot', 'great', 'day', 'close', 'friend', 'nothing', 'planned', 'turned', 'one', 'better', 'days', 'recently', 'overall', 'pretty', 'good', 'day']",45,219,3
2026-01-06,I made real progress on SQL today — hypothesis testing finally clicked after struggling with it for a while. Worked through a tricky problem involving hypothesis testing and felt genuinely satisfied once it worked.,7,8,7,"learning, coding, python",2026-01-06,I made real progress on SQL today — hypothesis testing finally clicked after struggling with it for a while. Worked through a tricky problem involving hypothesis testing and felt genuinely satisfied once it worked.,i made real progress on sql today  hypothesis testing finally clicked after struggling with it for a while. worked through a tricky problem involving hypothesis testing and felt genuinely satisfied once it worked.,"['made', 'real', 'progress', 'sql', 'hypothesis', 'testing', 'finally', 'clicked', 'after', 'struggling', 'while', 'worked', 'through', 'tricky', 'problem', 'involving', 'hypothesis', 'testing', 'genuinely', 'satisfied', 'once', 'worked']",34,214,2
2026-01-07,"Saw a close friend briefly today, exchanged a few messages, nothing major. Quiet day, spoke with my parents for a bit over the phone.",6,5,7,"weekend, relationships, friends",2026-01-07,"Saw a close friend briefly today, exchanged a few messages, nothing major. Quiet day, spoke with my parents for a bit over the phone.","saw a close friend briefly today, exchanged a few messages, nothing major. quiet day, spoke with my parents for a bit over the phone.","['saw', 'close', 'friend', 'briefly', 'exchanged', 'few', 'messages', 'nothing', 'major', 'quiet', 'day', 'spoke', 'parents', 'bit', 'phone']",24,133,2
2026-01-08,I made real progress on Python today — joins finally clicked after struggling with it for a while. Looking forward to more days like this.,7,9,9,"coding, python",2026-01-08,I made real progress on Python today — joins finally clicked after struggling with it for a while. Looking forward to more days like this.,i made real progress on python today  joins finally clicked after struggling with it for a while. looking forward to more days like this.,"['made', 'real', 'progress', 'python', 'joins', 'finally', 'clicked', 'after', 'struggling', 'while', 'looking', 'forward', 'more', 'days', 'like']",25,138,2
2026-01-09,"Spent some time reviewing data visualization, mostly going over correlation vs causation again. Did a bit of Python practice today, nothing major, just consolidating gradient descent.",5,4,5,"data science, python, learning",2026-01-09,"Spent some time reviewing data visualization, mostly going over correlation vs causation again. Did a bit of Python practice today, nothing major, just consolidating gradient descent.","spent some time reviewing data visualization, mostly going over correlation vs causation again. did a bit of python practice today, nothing major, just consolidating gradient descent.","['spent', 'time', 'reviewing', 'data', 'visualization', 'mostly', 'going', 'correlation', 'vs', 'causation', 'bit', 'python', 'practice', 'nothing', 'major', 'consolidating', 'gradient', 'descent']",26,183,2
2026-01-10,"Quiet day, spoke with my parents for a bit over the phone. Saw my sibling briefly today, exchanged a few messages, nothing major.",7,5,4,"relationships, weekend",2026-01-10,"Quiet day, spoke with my parents for a bit over the phone. Saw my sibling briefly today, exchanged a few messages, nothing major.","quiet day, spoke with my parents for a bit over the phone. saw my sibling briefly today, exchanged a few messages, nothing major.","['quiet', 'day', 'spoke', 'parents', 'bit', 'phone', 'saw', 'sibling', 'briefly', 'exchanged', 'few', 'messages', 'nothing', 'major']",23,129,2
2026-01-11,"Despite the upcoming project deadline, I felt in control today and made good progress preparing for it.",5,5,8,anxiety,2026-01-11,"Despite the upcoming project deadline, I felt in control today and made good progress preparing for it.","despite the upcoming project deadline, i felt in control today and made good progress preparing for it.","['despite', 'upcoming', 'project', 'deadline', 'control', 'made', 'good', 'progress', 'preparing']",17,103,1
2026-01-13,"Spent most of the day on a backlog of emails, nothing particularly noteworthy happened.",6,4,6,"work, meetings",2026-01-13,"Spent most of the day on a backlog of emails, nothing particularly noteworthy happened.","spent most of the day on a backlog of emails, nothing particularly noteworthy happened.","['spent', 'most', 'day', 'backlog', 'emails', 'nothing', 'noteworthy', 'happened']",14,87,1
2026-01-14,"Despite the upcoming assignment due date, I felt in control today and made good progress preparing for it.",10,9,8,deadline,2026-01-14,"Despite the upcoming assignment due date, I felt in control today and made good progress preparing for it.","despite the upcoming assignment due date, i felt in control today and made good progress preparing for it.","['despite', 'upcoming', 'assignment', 'due', 'date', 'control', 'made', 'good', 'progress', 'preparing']",18,106,1
2026-01-15,"Thinking about the job interview a lot today but haven't really started preparing yet. The job interview is coming up soon, feeling a mix of nervous and okay about it. Nothing particularly stands out about today.",3,6,7,"anxiety, deadline, exam",2026-01-15,"Thinking about the job interview a lot today but haven't really started preparing yet. The job interview is coming up soon, feeling a mix of nervous and okay about it. Nothing particularly stands out about today.","thinking about the job interview a lot today but haven't really started preparing yet. the job interview is coming up soon, feeling a mix of nervous and okay about it. nothing particularly stands out about today.","['thinking', 'job', 'interview', 'lot', ""haven't"", 'started', 'preparing', 'yet', 'job', 'interview', 'coming', 'soon', 'feeling', 'mix', 'nervous', 'okay', 'nothing', 'stands']",36,212,3
2026-01-16,"Slept badly last night and it affected the whole day. Couldn't really relax today even though I had the time, mind was too restless.",2,1,2,"sleep, relaxation",2026-01-16,"Slept badly last night and it affected the whole day. Couldn't really relax today even though I had the time, mind was too restless.","slept badly last night and it affected the whole day. couldn't really relax today even though i had the time, mind was too restless.","['slept', 'badly', 'last', 'night', 'affected', 'whole', 'day', ""couldn't"", 'relax', 'even', 'though', 'time', 'mind', 'too', 'restless']",24,132,2
2026-01-17,"Saw my sibling briefly today, exchanged a few messages, nothing major. Just an ordinary day overall.",3,6,6,"weekend, relationships",2026-01-17,"Saw my sibling briefly today, exchanged a few messages, nothing major. Just an ordinary day overall.","saw my sibling briefly today, exchanged a few messages, nothing major. just an ordinary day overall.","['saw', 'sibling', 'briefly', 'exchanged', 'few', 'messages', 'nothing', 'major', 'ordinary', 'day', 'overall']",16,100,2
2026-01-18,"Thinking about planning a trip to the coast sometime soon, haven't decided yet.",3,4,6,"weekend, adventure",2026-01-18,"Thinking about planning a trip to the coast sometime soon, haven't decided yet.","thinking about planning a trip to the coast sometime soon, haven't decided yet.","['thinking', 'planning', 'trip', 'coast', 'sometime', 'soon', ""haven't"", 'decided', 'yet']",13,79,1
2026-01-19,Slept badly last night and it affected the whole day. Today was harder than expected.,1,1,2,"relaxation, weekend",2026-01-19,Slept badly last night and it affected the whole day. Today was harder than expected.,slept badly last night and it affected the whole day. today was harder than expected.,"['slept', 'badly', 'last', 'night', 'affected', 'whole', 'day', 'harder', 'than', 'expected']",15,85,2
2026-01-21,Tried to study statistics today but kept getting stuck on hypothesis testing and felt frustrated.,4,4,6,"study, coding",2026-01-21,Tried to study statistics today but kept getting stuck on hypothesis testing and felt frustrated.,tried to study statistics today but kept getting stuck on hypothesis testing and felt frustrated.,"['tried', 'study', 'statistics', 'kept', 'getting', 'stuck', 'hypothesis', 'testing', 'frustrated']",15,97,1
2026-01-22,"Fairly average day at work, mostly just handled a few pending tickets without much excitement.",5,3,7,"career, meetings",2026-01-22,"Fairly average day at work, mostly just handled a few pending tickets without much excitement.","fairly average day at work, mostly just handled a few pending tickets without much excitement.","['fairly', 'average', 'day', 'work', 'mostly', 'handled', 'few', 'pending', 'tickets', 'without', 'much', 'excitement']",15,94,1
2026-01-24,"Quiet day, spoke with my family for a bit over the phone. Nothing particularly stands out about today.",4,5,2,"friends, weekend, family",2026-01-24,"Quiet day, spoke with my family for a bit over the phone. Nothing particularly stands out about today.","quiet day, spoke with my family for a bit over the phone. nothing particularly stands out about today.","['quiet', 'day', 'spoke', 'family', 'bit', 'phone', 'nothing', 'stands']",18,102,2
2026-01-25,"Fairly lazy day overall, mixed a bit of rest with a few small chores.",7,7,3,"rest, relaxation, sleep",2026-01-25,"Fairly lazy day overall, mixed a bit of rest with a few small chores.","fairly lazy day overall, mixed a bit of rest with a few small chores.","['fairly', 'lazy', 'day', 'overall', 'mixed', 'bit', 'rest', 'few', 'small', 'chores']",14,69,1
2026-01-26,"Saw my parents briefly today, exchanged a few messages, nothing major. Nothing particularly stands out about today.",6,3,4,"weekend, relationships, friends",2026-01-26,"Saw my parents briefly today, exchanged a few messages, nothing major. Nothing particularly stands out about today.","saw my parents briefly today, exchanged a few messages, nothing major. nothing particularly stands out about today.","['saw', 'parents', 'briefly', 'exchanged', 'few', 'messages', 'nothing', 'major', 'nothing', 'stands']",17,115,2
2026-01-27,"Had a productive study session on machine learning, especially around feature engineering. Looking forward to more days like this.",7,7,10,data science,2026-01-27,"Had a productive study session on machine learning, especially around feature engineering. Looking forward to more days like this.","had a productive study session on machine learning, especially around feature engineering. looking forward to more days like this.","['productive', 'study', 'session', 'machine', 'learning', 'especially', 'around', 'feature', 'engineering', 'looking', 'forward', 'more', 'days', 'like']",19,130,2
2026-01-28,Thinking about the exam a lot today but haven't really started preparing yet. Nothing particularly stands out about today.,7,10,6,"stress, exam",2026-01-28,Thinking about the exam a lot today but haven't really started preparing yet. Nothing particularly stands out about today.,thinking about the exam a lot today but haven't really started preparing yet. nothing particularly stands out about today.,"['thinking', 'exam', 'lot', ""haven't"", 'started', 'preparing', 'yet', 'nothing', 'stands']",19,122,2
2026-01-29,"Struggled to focus on a few pending tickets today, kept getting pulled into unnecessary meetings.",5,5,4,"work, productivity",2026-01-29,"Struggled to focus on a few pending tickets today, kept getting pulled into unnecessary meetings.","struggled to focus on a few pending tickets today, kept getting pulled into unnecessary meetings.","['struggled', 'focus', 'few', 'pending', 'tickets', 'kept', 'getting', 'pulled', 'into', 'unnecessary', 'meetings']",15,97,1
2026-01-30,Struggled a lot with hypothesis testing — machine learning is starting to feel overwhelming. Trying not to be too hard on myself about it.,6,4,3,"data science, python, study",2026-01-30,Struggled a lot with hypothesis testing — machine learning is starting to feel overwhelming. Trying not to be too hard on myself about it.,struggled a lot with hypothesis testing  machine learning is starting to feel overwhelming. trying not to be too hard on myself about it.,"['struggled', 'lot', 'hypothesis', 'testing', 'machine', 'learning', 'starting', 'overwhelming', 'trying', 'not', 'too', 'hard', 'myself']",24,138,2
2026-01-31,"Good day overall, made solid progress on the quarterly report and the team meeting went smoothly. Had a really productive day at work — cleared most of my a client presentation and even helped a coworker with theirs.",7,7,7,"career, productivity, work",2026-01-31,"Good day overall, made solid progress on the quarterly report and the team meeting went smoothly. Had a really productive day at work — cleared most of my a client presentation and even helped a coworker with theirs.","good day overall, made solid progress on the quarterly report and the team meeting went smoothly. had a really productive day at work  cleared most of my a client presentation and even helped a coworker with theirs.","['good', 'day', 'overall', 'made', 'solid', 'progress', 'quarterly', 'report', 'team', 'meeting', 'went', 'smoothly', 'productive', 'day', 'work', 'cleared', 'most', 'client', 'presentation', 'even', 'helped', 'coworker', 'theirs']",38,216,2
2026-02-01,Slept badly last night and it affected the whole day.,4,7,4,"sleep, relaxation",2026-02-01,Slept badly last night and it affected the whole day.,slept badly last night and it affected the whole day.,"['slept', 'badly', 'last', 'night', 'affected', 'whole', 'day']",10,53,1
2026-02-03,"Thinking about the presentation a lot today but haven't really started preparing yet. The project deadline is coming up soon, feeling a mix of nervous and okay about it.",4,4,5,"exam, stress",2026-02-03,"Thinking about the presentation a lot today but haven't really started preparing yet. The project deadline is coming up soon, feeling a mix of nervous and okay about it.","thinking about the presentation a lot today but haven't really started preparing yet. the project deadline is coming up soon, feeling a mix of nervous and okay about it.","['thinking', 'presentation', 'lot', ""haven't"", 'started', 'preparing', 'yet', 'project', 'deadline', 'coming', 'soon', 'feeling', 'mix', 'nervous', 'okay']",29,169,2
2026-02-04,"Quiet day, spoke with an old friend for a bit over the phone. Saw my sibling briefly today, exchanged a few messages, nothing major. Just an ordinary day overall.",6,3,6,relationships,2026-02-04,"Quiet day, spoke with an old friend for a bit over the phone. Saw my sibling briefly today, exchanged a few messages, nothing major. Just an ordinary day overall.","quiet day, spoke with an old friend for a bit over the phone. saw my sibling briefly today, exchanged a few messages, nothing major. just an ordinary day overall.","['quiet', 'day', 'spoke', 'old', 'friend', 'bit', 'phone', 'saw', 'sibling', 'briefly', 'exchanged', 'few', 'messages', 'nothing', 'major', 'ordinary', 'day', 'overall']",29,162,3
2026-02-05,Skipped my usual run today but ate reasonably well.,5,3,7,"health, exercise, wellbeing",2026-02-05,Skipped my usual run today but ate reasonably well.,skipped my usual run today but ate reasonably well.,"['skipped', 'usual', 'run', 'ate', 'reasonably', 'well']",9,51,1
2026-02-06,Went for a swim this morning and felt really energized for the rest of the day.,8,5,9,"fitness, exercise",2026-02-06,Went for a swim this morning and felt really energized for the rest of the day.,went for a swim this morning and felt really energized for the rest of the day.,"['went', 'swim', 'morning', 'energized', 'rest', 'day']",16,79,1
2026-02-07,"Explored a new part of the city for the first time — such a great way to break the routine. Took a short trip to the coast today, it was a nice change of scenery and really refreshing. Ending the day in a good mood.",5,7,7,"travel, weekend, adventure",2026-02-07,"Explored a new part of the city for the first time — such a great way to break the routine. Took a short trip to the coast today, it was a nice change of scenery and really refreshing. Ending the day in a good mood.","explored a new part of the city for the first time  such a great way to break the routine. took a short trip to the coast today, it was a nice change of scenery and really refreshing. ending the day in a good mood.","['explored', 'new', 'part', 'city', 'first', 'time', 'such', 'great', 'way', 'break', 'routine', 'took', 'short', 'trip', 'coast', 'nice', 'change', 'scenery', 'refreshing', 'ending', 'day', 'good', 'mood']",45,215,3
2026-02-08,Worked through a tricky problem involving joins and felt genuinely satisfied once it worked. Grateful for how the day turned out.,7,7,8,"data science, study",2026-02-08,Worked through a tricky problem involving joins and felt genuinely satisfied once it worked. Grateful for how the day turned out.,worked through a tricky problem involving joins and felt genuinely satisfied once it worked. grateful for how the day turned out.,"['worked', 'through', 'tricky', 'problem', 'involving', 'joins', 'genuinely', 'satisfied', 'once', 'worked', 'grateful', 'how', 'day', 'turned']",21,129,2
2026-02-09,"Despite the upcoming job interview, I felt in control today and made good progress preparing for it.",5,7,8,"deadline, exam, anxiety",2026-02-09,"Despite the upcoming job interview, I felt in control today and made good progress preparing for it.","despite the upcoming job interview, i felt in control today and made good progress preparing for it.","['despite', 'upcoming', 'job', 'interview', 'control', 'made', 'good', 'progress', 'preparing']",17,100,1
2026-02-10,Tried to study statistics today but kept getting stuck on correlation vs causation and felt frustrated.,3,5,2,"learning, python",2026-02-10,Tried to study statistics today but kept getting stuck on correlation vs causation and felt frustrated.,tried to study statistics today but kept getting stuck on correlation vs causation and felt frustrated.,"['tried', 'study', 'statistics', 'kept', 'getting', 'stuck', 'correlation', 'vs', 'causation', 'frustrated']",16,103,1
2026-02-12,"Saw an old friend briefly today, exchanged a few messages, nothing major. Quiet day, spoke with an old friend for a bit over the phone.",5,5,8,"family, friends",2026-02-12,"Saw an old friend briefly today, exchanged a few messages, nothing major. Quiet day, spoke with an old friend for a bit over the phone.","saw an old friend briefly today, exchanged a few messages, nothing major. quiet day, spoke with an old friend for a bit over the phone.","['saw', 'old', 'friend', 'briefly', 'exchanged', 'few', 'messages', 'nothing', 'major', 'quiet', 'day', 'spoke', 'old', 'friend', 'bit', 'phone']",25,135,2
2026-02-14,"Quiet day, spoke with my sibling for a bit over the phone. Just an ordinary day overall.",6,3,7,friends,2026-02-14,"Quiet day, spoke with my sibling for a bit over the phone. Just an ordinary day overall.","quiet day, spoke with my sibling for a bit over the phone. just an ordinary day overall.","['quiet', 'day', 'spoke', 'sibling', 'bit', 'phone', 'ordinary', 'day', 'overall']",17,88,2
2026-02-15,Explored the countryside for the first time — such a great way to break the routine.,7,8,4,"travel, weekend",2026-02-15,Explored the countryside for the first time — such a great way to break the routine.,explored the countryside for the first time  such a great way to break the routine.,"['explored', 'countryside', 'first', 'time', 'such', 'great', 'way', 'break', 'routine']",16,84,1
2026-02-16,"Despite the upcoming presentation, I felt in control today and made good progress preparing for it. Ending the day in a good mood.",7,7,7,"exam, deadline",2026-02-16,"Despite the upcoming presentation, I felt in control today and made good progress preparing for it. Ending the day in a good mood.","despite the upcoming presentation, i felt in control today and made good progress preparing for it. ending the day in a good mood.","['despite', 'upcoming', 'presentation', 'control', 'made', 'good', 'progress', 'preparing', 'ending', 'day', 'good', 'mood']",23,130,2
2026-02-17,"Spent most of the day on the quarterly report, nothing particularly noteworthy happened. Fairly average day at work, mostly just handled a few pending tickets without much excitement.",6,5,6,"work, meetings",2026-02-17,"Spent most of the day on the quarterly report, nothing particularly noteworthy happened. Fairly average day at work, mostly just handled a few pending tickets without much excitement.","spent most of the day on the quarterly report, nothing particularly noteworthy happened. fairly average day at work, mostly just handled a few pending tickets without much excitement.","['spent', 'most', 'day', 'quarterly', 'report', 'nothing', 'noteworthy', 'happened', 'fairly', 'average', 'day', 'work', 'mostly', 'handled', 'few', 'pending', 'tickets', 'without', 'much', 'excitement']",28,183,2
2026-02-18,Thought about picking writing back up today but didn't get to it.,6,5,8,"creativity, reading",2026-02-18,Thought about picking writing back up today but didn't get to it.,thought about picking writing back up today but didn't get to it.,"['thought', 'picking', 'writing', ""didn't"", 'get']",12,65,1
2026-02-19,"Felt pretty drained after dealing with the project deadline, didn't get much else done. Struggled to focus on the quarterly report today, kept getting pulled into unnecessary meetings. Today was harder than expected.",4,5,2,"productivity, meetings",2026-02-19,"Felt pretty drained after dealing with the project deadline, didn't get much else done. Struggled to focus on the quarterly report today, kept getting pulled into unnecessary meetings. Today was harder than expected.","felt pretty drained after dealing with the project deadline, didn't get much else done. struggled to focus on the quarterly report today, kept getting pulled into unnecessary meetings. today was harder than expected.","['pretty', 'drained', 'after', 'dealing', 'project', 'deadline', ""didn't"", 'get', 'much', 'else', 'done', 'struggled', 'focus', 'quarterly', 'report', 'kept', 'getting', 'pulled', 'into', 'unnecessary', 'meetings', 'harder', 'than', 'expected']",33,216,3
2026-02-20,Worked through a tricky problem involving joins and felt genuinely satisfied once it worked. Grateful for how the day turned out.,10,10,9,"python, coding",2026-02-20,Worked through a tricky problem involving joins and felt genuinely satisfied once it worked. Grateful for how the day turned out.,worked through a tricky problem involving joins and felt genuinely satisfied once it worked. grateful for how the day turned out.,"['worked', 'through', 'tricky', 'problem', 'involving', 'joins', 'genuinely', 'satisfied', 'once', 'worked', 'grateful', 'how', 'day', 'turned']",21,129,2
2026-02-21,Thought about picking playing guitar back up today but didn't get to it. Did a bit of reading but got distracted halfway through.,6,7,7,"music, reading",2026-02-21,Thought about picking playing guitar back up today but didn't get to it. Did a bit of reading but got distracted halfway through.,thought about picking playing guitar back up today but didn't get to it. did a bit of reading but got distracted halfway through.,"['thought', 'picking', 'playing', 'guitar', ""didn't"", 'get', 'bit', 'reading', 'got', 'distracted', 'halfway', 'through']",23,129,2
2026-02-22,Did a bit of playing guitar but got distracted halfway through. Thought about picking photography back up today but didn't get to it.,5,7,7,"music, creativity, reading",2026-02-22,Did a bit of playing guitar but got distracted halfway through. Thought about picking photography back up today but didn't get to it.,did a bit of playing guitar but got distracted halfway through. thought about picking photography back up today but didn't get to it.,"['bit', 'playing', 'guitar', 'got', 'distracted', 'halfway', 'through', 'thought', 'picking', 'photography', ""didn't"", 'get']",23,133,2
2026-02-23,"Spent the evening on reading, completely lost track of time — it was exactly what I needed. Made good progress on writing today, felt really fulfilling. Grateful for how the day turned out.",8,6,6,"music, creativity",2026-02-23,"Spent the evening on reading, completely lost track of time — it was exactly what I needed. Made good progress on writing today, felt really fulfilling. Grateful for how the day turned out.","spent the evening on reading, completely lost track of time  it was exactly what i needed. made good progress on writing today, felt really fulfilling. grateful for how the day turned out.","['spent', 'evening', 'reading', 'completely', 'lost', 'track', 'time', 'exactly', 'what', 'needed', 'made', 'good', 'progress', 'writing', 'fulfilling', 'grateful', 'how', 'day', 'turned']",33,189,3
2026-02-24,"Struggled to focus on a client presentation today, kept getting pulled into unnecessary meetings. Felt pretty drained after dealing with a client presentation, didn't get much else done. Today was harder than expected.",2,5,4,"work, career, meetings",2026-02-24,"Struggled to focus on a client presentation today, kept getting pulled into unnecessary meetings. Felt pretty drained after dealing with a client presentation, didn't get much else done. Today was harder than expected.","struggled to focus on a client presentation today, kept getting pulled into unnecessary meetings. felt pretty drained after dealing with a client presentation, didn't get much else done. today was harder than expected.","['struggled', 'focus', 'client', 'presentation', 'kept', 'getting', 'pulled', 'into', 'unnecessary', 'meetings', 'pretty', 'drained', 'after', 'dealing', 'client', 'presentation', ""didn't"", 'get', 'much', 'else', 'done', 'harder', 'than', 'expected']",33,218,3
2026-02-25,"Did a light gym workout session, nothing intense, just kept the habit going. Skipped my usual swim today but ate reasonably well. Ready to see what tomorrow brings.",1,3,6,"wellbeing, health",2026-02-25,"Did a light gym workout session, nothing intense, just kept the habit going. Skipped my usual swim today but ate reasonably well. Ready to see what tomorrow brings.","did a light gym workout session, nothing intense, just kept the habit going. skipped my usual swim today but ate reasonably well. ready to see what tomorrow brings.","['light', 'gym', 'workout', 'session', 'nothing', 'intense', 'kept', 'habit', 'going', 'skipped', 'usual', 'swim', 'ate', 'reasonably', 'well', 'ready', 'see', 'what', 'tomorrow', 'brings']",28,164,3
2026-02-26,Struggled a lot with overfitting — statistics is starting to feel overwhelming.,5,2,6,"python, data science, study",2026-02-26,Struggled a lot with overfitting — statistics is starting to feel overwhelming.,struggled a lot with overfitting  statistics is starting to feel overwhelming.,"['struggled', 'lot', 'overfitting', 'statistics', 'starting', 'overwhelming']",12,79,1
2026-02-27,Read through some notes on joins but didn't get much hands-on machine learning practice done.,5,8,7,study,2026-02-27,Read through some notes on joins but didn't get much hands-on machine learning practice done.,read through some notes on joins but didn't get much hands-on machine learning practice done.,"['read', 'through', 'notes', 'joins', ""didn't"", 'get', 'much', 'hands', 'machine', 'learning', 'practice', 'done']",15,93,1
2026-02-28,Did a bit of writing but got distracted halfway through.,5,5,5,reading,2026-02-28,Did a bit of writing but got distracted halfway through.,did a bit of writing but got distracted halfway through.,"['bit', 'writing', 'got', 'distracted', 'halfway', 'through']",10,56,1
2026-03-01,"Looked into travel options for a local market, nothing booked yet. Just an ordinary day overall.",5,8,5,"adventure, weekend",2026-03-01,"Looked into travel options for a local market, nothing booked yet. Just an ordinary day overall.","looked into travel options for a local market, nothing booked yet. just an ordinary day overall.","['looked', 'into', 'travel', 'options', 'local', 'market', 'nothing', 'booked', 'yet', 'ordinary', 'day', 'overall']",16,96,2
2026-03-02,"Took a proper rest day today, slept well and just recharged — much needed. Did absolutely nothing productive today and it felt great, exactly the break I needed.",9,10,10,"relaxation, weekend",2026-03-02,"Took a proper rest day today, slept well and just recharged — much needed. Did absolutely nothing productive today and it felt great, exactly the break I needed.","took a proper rest day today, slept well and just recharged  much needed. did absolutely nothing productive today and it felt great, exactly the break i needed.","['took', 'proper', 'rest', 'day', 'slept', 'well', 'recharged', 'much', 'needed', 'absolutely', 'nothing', 'productive', 'great', 'exactly', 'break', 'needed']",28,161,2
2026-03-03,"Finished the project deadline ahead of schedule today, which felt great going into the weekend.",7,7,8,"work, meetings",2026-03-03,"Finished the project deadline ahead of schedule today, which felt great going into the weekend.","finished the project deadline ahead of schedule today, which felt great going into the weekend.","['finished', 'project', 'deadline', 'ahead', 'schedule', 'which', 'great', 'going', 'into', 'weekend']",15,95,1
2026-03-04,"Good day overall, made solid progress on a few pending tickets and the team meeting went smoothly. Finished a backlog of emails ahead of schedule today, which felt great going into the weekend. Looking forward to more days like this.",7,6,6,"career, work",2026-03-04,"Good day overall, made solid progress on a few pending tickets and the team meeting went smoothly. Finished a backlog of emails ahead of schedule today, which felt great going into the weekend. Looking forward to more days like this.","good day overall, made solid progress on a few pending tickets and the team meeting went smoothly. finished a backlog of emails ahead of schedule today, which felt great going into the weekend. looking forward to more days like this.","['good', 'day', 'overall', 'made', 'solid', 'progress', 'few', 'pending', 'tickets', 'team', 'meeting', 'went', 'smoothly', 'finished', 'backlog', 'emails', 'ahead', 'schedule', 'which', 'great', 'going', 'into', 'weekend', 'looking', 'forward', 'more', 'days', 'like']",40,233,3
2026-03-05,"Couldn't really relax today even though I had the time, mind was too restless. Need to get more rest tonight.",2,4,5,"rest, weekend",2026-03-05,"Couldn't really relax today even though I had the time, mind was too restless. Need to get more rest tonight.","couldn't really relax today even though i had the time, mind was too restless. need to get more rest tonight.","[""couldn't"", 'relax', 'even', 'though', 'time', 'mind', 'too', 'restless', 'need', 'get', 'more', 'rest', 'tonight']",20,109,2
2026-03-06,"Read through some notes on correlation vs causation but didn't get much hands-on statistics practice done. Spent some time reviewing SQL, mostly going over overfitting again.",3,5,5,learning,2026-03-06,"Read through some notes on correlation vs causation but didn't get much hands-on statistics practice done. Spent some time reviewing SQL, mostly going over overfitting again.","read through some notes on correlation vs causation but didn't get much hands-on statistics practice done. spent some time reviewing sql, mostly going over overfitting again.","['read', 'through', 'notes', 'correlation', 'vs', 'causation', ""didn't"", 'get', 'much', 'hands', 'statistics', 'practice', 'done', 'spent', 'time', 'reviewing', 'sql', 'mostly', 'going', 'overfitting']",26,174,2
2026-03-07,Today I spent a few hours learning statistics and finally understood how hypothesis testing works. I made real progress on Python today — overfitting finally clicked after struggling with it for a while. Overall a pretty good day.,8,9,10,"learning, data science",2026-03-07,Today I spent a few hours learning statistics and finally understood how hypothesis testing works. I made real progress on Python today — overfitting finally clicked after struggling with it for a while. Overall a pretty good day.,today i spent a few hours learning statistics and finally understood how hypothesis testing works. i made real progress on python today  overfitting finally clicked after struggling with it for a while. overall a pretty good day.,"['spent', 'few', 'hours', 'learning', 'statistics', 'finally', 'understood', 'how', 'hypothesis', 'testing', 'works', 'made', 'real', 'progress', 'python', 'overfitting', 'finally', 'clicked', 'after', 'struggling', 'while', 'overall', 'pretty', 'good', 'day']",38,230,3
2026-03-08,"Finished a few pending tickets ahead of schedule today, which felt great going into the weekend. Had a really productive day at work — cleared most of my the quarterly report and even helped a coworker with theirs.",8,7,7,productivity,2026-03-08,"Finished a few pending tickets ahead of schedule today, which felt great going into the weekend. Had a really productive day at work — cleared most of my the quarterly report and even helped a coworker with theirs.","finished a few pending tickets ahead of schedule today, which felt great going into the weekend. had a really productive day at work  cleared most of my the quarterly report and even helped a coworker with theirs.","['finished', 'few', 'pending', 'tickets', 'ahead', 'schedule', 'which', 'great', 'going', 'into', 'weekend', 'productive', 'day', 'work', 'cleared', 'most', 'quarterly', 'report', 'even', 'helped', 'coworker', 'theirs']",38,214,2
2026-03-09,I made real progress on SQL today — overfitting finally clicked after struggling with it for a while.,6,8,5,"study, data science",2026-03-09,I made real progress on SQL today — overfitting finally clicked after struggling with it for a while.,i made real progress on sql today  overfitting finally clicked after struggling with it for a while.,"['made', 'real', 'progress', 'sql', 'overfitting', 'finally', 'clicked', 'after', 'struggling', 'while']",18,101,1
2026-03-10,Skipped my usual yoga session today but ate reasonably well. Just an ordinary day overall.,6,5,6,health,2026-03-10,Skipped my usual yoga session today but ate reasonably well. Just an ordinary day overall.,skipped my usual yoga session today but ate reasonably well. just an ordinary day overall.,"['skipped', 'usual', 'yoga', 'session', 'ate', 'reasonably', 'well', 'ordinary', 'day', 'overall']",15,90,2
2026-03-11,Thinking about the assignment due date a lot today but haven't really started preparing yet. Just an ordinary day overall.,3,4,3,"exam, anxiety",2026-03-11,Thinking about the assignment due date a lot today but haven't really started preparing yet. Just an ordinary day overall.,thinking about the assignment due date a lot today but haven't really started preparing yet. just an ordinary day overall.,"['thinking', 'assignment', 'due', 'date', 'lot', ""haven't"", 'started', 'preparing', 'yet', 'ordinary', 'day', 'overall']",20,122,2
2026-03-12,"Fairly average day at work, mostly just handled the quarterly report without much excitement.",5,7,5,productivity,2026-03-12,"Fairly average day at work, mostly just handled the quarterly report without much excitement.","fairly average day at work, mostly just handled the quarterly report without much excitement.","['fairly', 'average', 'day', 'work', 'mostly', 'handled', 'quarterly', 'report', 'without', 'much', 'excitement']",14,93,1
2026-03-13,Thinking about the exam a lot today but haven't really started preparing yet.,4,6,5,stress,2026-03-13,Thinking about the exam a lot today but haven't really started preparing yet.,thinking about the exam a lot today but haven't really started preparing yet.,"['thinking', 'exam', 'lot', ""haven't"", 'started', 'preparing', 'yet']",13,77,1
2026-03-14,"Looked into travel options for the coast, nothing booked yet.",6,3,5,"adventure, travel",2026-03-14,"Looked into travel options for the coast, nothing booked yet.","looked into travel options for the coast, nothing booked yet.","['looked', 'into', 'travel', 'options', 'coast', 'nothing', 'booked', 'yet']",10,61,1
2026-03-15,Had a lovely time with a close friend — we just talked for hours and it lifted my mood a lot. Looking forward to more days like this.,9,9,9,"relationships, weekend, family",2026-03-15,Had a lovely time with a close friend — we just talked for hours and it lifted my mood a lot. Looking forward to more days like this.,had a lovely time with a close friend  we just talked for hours and it lifted my mood a lot. looking forward to more days like this.,"['lovely', 'time', 'close', 'friend', 'we', 'talked', 'hours', 'lifted', 'mood', 'lot', 'looking', 'forward', 'more', 'days', 'like']",28,133,2
2026-03-16,"Despite the upcoming exam, I felt in control today and made good progress preparing for it. Ending the day in a good mood.",5,5,8,"anxiety, stress, exam",2026-03-16,"Despite the upcoming exam, I felt in control today and made good progress preparing for it. Ending the day in a good mood.","despite the upcoming exam, i felt in control today and made good progress preparing for it. ending the day in a good mood.","['despite', 'upcoming', 'exam', 'control', 'made', 'good', 'progress', 'preparing', 'ending', 'day', 'good', 'mood']",23,122,2
2026-03-17,"Did a light walk session, nothing intense, just kept the habit going. Skipped my usual run today but ate reasonably well.",6,4,2,"health, wellbeing, exercise",2026-03-17,"Did a light walk session, nothing intense, just kept the habit going. Skipped my usual run today but ate reasonably well.","did a light walk session, nothing intense, just kept the habit going. skipped my usual run today but ate reasonably well.","['light', 'walk', 'session', 'nothing', 'intense', 'kept', 'habit', 'going', 'skipped', 'usual', 'run', 'ate', 'reasonably', 'well']",21,121,2
2026-03-18,"Barely got through any pandas today, my focus on joins kept slipping. Tried to study data visualization today but kept getting stuck on overfitting and felt frustrated.",1,3,3,study,2026-03-18,"Barely got through any pandas today, my focus on joins kept slipping. Tried to study data visualization today but kept getting stuck on overfitting and felt frustrated.","barely got through any pandas today, my focus on joins kept slipping. tried to study data visualization today but kept getting stuck on overfitting and felt frustrated.","['barely', 'got', 'through', 'any', 'pandas', 'focus', 'joins', 'kept', 'slipping', 'tried', 'study', 'data', 'visualization', 'kept', 'getting', 'stuck', 'overfitting', 'frustrated']",27,168,2
2026-03-19,"Spent most of the day on a backlog of emails, nothing particularly noteworthy happened.",6,6,4,work,2026-03-19,"Spent most of the day on a backlog of emails, nothing particularly noteworthy happened.","spent most of the day on a backlog of emails, nothing particularly noteworthy happened.","['spent', 'most', 'day', 'backlog', 'emails', 'nothing', 'noteworthy', 'happened']",14,87,1
2026-03-20,Struggled a lot with feature engineering — machine learning is starting to feel overwhelming.,3,3,2,"python, data science",2026-03-20,Struggled a lot with feature engineering — machine learning is starting to feel overwhelming.,struggled a lot with feature engineering  machine learning is starting to feel overwhelming.,"['struggled', 'lot', 'feature', 'engineering', 'machine', 'learning', 'starting', 'overwhelming']",14,93,1
2026-03-21,"Had a productive study session on statistics, especially around gradient descent. Looking forward to more days like this.",6,10,5,"learning, study, python",2026-03-21,"Had a productive study session on statistics, especially around gradient descent. Looking forward to more days like this.","had a productive study session on statistics, especially around gradient descent. looking forward to more days like this.","['productive', 'study', 'session', 'statistics', 'especially', 'around', 'gradient', 'descent', 'looking', 'forward', 'more', 'days', 'like']",18,121,2
2026-03-22,"Took a proper rest day today, slept well and just recharged — much needed. Did absolutely nothing productive today and it felt great, exactly the break I needed. Feeling optimistic about tomorrow.",6,6,9,rest,2026-03-22,"Took a proper rest day today, slept well and just recharged — much needed. Did absolutely nothing productive today and it felt great, exactly the break I needed. Feeling optimistic about tomorrow.","took a proper rest day today, slept well and just recharged  much needed. did absolutely nothing productive today and it felt great, exactly the break i needed. feeling optimistic about tomorrow.","['took', 'proper', 'rest', 'day', 'slept', 'well', 'recharged', 'much', 'needed', 'absolutely', 'nothing', 'productive', 'great', 'exactly', 'break', 'needed', 'feeling', 'optimistic', 'tomorrow']",32,196,3
2026-03-23,"Fairly lazy day overall, mixed a bit of rest with a few small chores.",6,6,5,"sleep, relaxation",2026-03-23,"Fairly lazy day overall, mixed a bit of rest with a few small chores.","fairly lazy day overall, mixed a bit of rest with a few small chores.","['fairly', 'lazy', 'day', 'overall', 'mixed', 'bit', 'rest', 'few', 'small', 'chores']",14,69,1
2026-03-24,"Had a productive study session on SQL, especially around overfitting.",7,5,7,"data science, study, learning",2026-03-24,"Had a productive study session on SQL, especially around overfitting.","had a productive study session on sql, especially around overfitting.","['productive', 'study', 'session', 'sql', 'especially', 'around', 'overfitting']",10,69,1
2026-03-25,Managed my anxiety about the job interview well today by breaking the work into smaller pieces.,7,5,6,"deadline, anxiety",2026-03-25,Managed my anxiety about the job interview well today by breaking the work into smaller pieces.,managed my anxiety about the job interview well today by breaking the work into smaller pieces.,"['managed', 'anxiety', 'job', 'interview', 'well', 'by', 'breaking', 'work', 'into', 'smaller', 'pieces']",16,95,1
2026-03-26,"Fairly lazy day overall, mixed a bit of rest with a few small chores.",4,3,4,"rest, relaxation, sleep",2026-03-26,"Fairly lazy day overall, mixed a bit of rest with a few small chores.","fairly lazy day overall, mixed a bit of rest with a few small chores.","['fairly', 'lazy', 'day', 'overall', 'mixed', 'bit', 'rest', 'few', 'small', 'chores']",14,69,1
2026-03-27,"Couldn't really relax today even though I had the time, mind was too restless.",5,5,4,"weekend, rest",2026-03-27,"Couldn't really relax today even though I had the time, mind was too restless.","couldn't really relax today even though i had the time, mind was too restless.","[""couldn't"", 'relax', 'even', 'though', 'time', 'mind', 'too', 'restless']",14,78,1
2026-03-28,"Read through some notes on hypothesis testing but didn't get much hands-on statistics practice done. Spent some time reviewing pandas, mostly going over overfitting again.",5,4,3,"study, learning",2026-03-28,"Read through some notes on hypothesis testing but didn't get much hands-on statistics practice done. Spent some time reviewing pandas, mostly going over overfitting again.","read through some notes on hypothesis testing but didn't get much hands-on statistics practice done. spent some time reviewing pandas, mostly going over overfitting again.","['read', 'through', 'notes', 'hypothesis', 'testing', ""didn't"", 'get', 'much', 'hands', 'statistics', 'practice', 'done', 'spent', 'time', 'reviewing', 'pandas', 'mostly', 'going', 'overfitting']",25,171,2
2026-03-29,"Barely got through any statistics today, my focus on overfitting kept slipping.",4,3,4,"coding, python",2026-03-29,"Barely got through any statistics today, my focus on overfitting kept slipping.","barely got through any statistics today, my focus on overfitting kept slipping.","['barely', 'got', 'through', 'any', 'statistics', 'focus', 'overfitting', 'kept', 'slipping']",12,79,1
2026-03-30,Read through some notes on overfitting but didn't get much hands-on data visualization practice done.,5,7,6,"study, python, coding",2026-03-30,Read through some notes on overfitting but didn't get much hands-on data visualization practice done.,read through some notes on overfitting but didn't get much hands-on data visualization practice done.,"['read', 'through', 'notes', 'overfitting', ""didn't"", 'get', 'much', 'hands', 'data', 'visualization', 'practice', 'done']",15,101,1
2026-03-31,"Spent most of the day on a backlog of emails, nothing particularly noteworthy happened. A fairly typical day, all things considered.",6,4,5,"career, work",2026-03-31,"Spent most of the day on a backlog of emails, nothing particularly noteworthy happened. A fairly typical day, all things considered.","spent most of the day on a backlog of emails, nothing particularly noteworthy happened. a fairly typical day, all things considered.","['spent', 'most', 'day', 'backlog', 'emails', 'nothing', 'noteworthy', 'happened', 'fairly', 'typical', 'day', 'all', 'things', 'considered']",21,132,2
2026-04-01,"The project deadline is coming up soon, feeling a mix of nervous and okay about it. Thinking about the assignment due date a lot today but haven't really started preparing yet.",7,3,6,"stress, exam",2026-04-01,"The project deadline is coming up soon, feeling a mix of nervous and okay about it. Thinking about the assignment due date a lot today but haven't really started preparing yet.","the project deadline is coming up soon, feeling a mix of nervous and okay about it. thinking about the assignment due date a lot today but haven't really started preparing yet.","['project', 'deadline', 'coming', 'soon', 'feeling', 'mix', 'nervous', 'okay', 'thinking', 'assignment', 'due', 'date', 'lot', ""haven't"", 'started', 'preparing', 'yet']",31,176,2
2026-04-02,"Felt physically great today after a solid swim routine. Managed to fit in a good yoga session session, my energy levels were noticeably higher afterward.",7,8,7,"health, fitness, wellbeing",2026-04-02,"Felt physically great today after a solid swim routine. Managed to fit in a good yoga session session, my energy levels were noticeably higher afterward.","felt physically great today after a solid swim routine. managed to fit in a good yoga session session, my energy levels were noticeably higher afterward.","['physically', 'great', 'after', 'solid', 'swim', 'routine', 'managed', 'fit', 'good', 'yoga', 'session', 'session', 'energy', 'levels', 'noticeably', 'higher', 'afterward']",25,153,2
2026-04-04,"Looked into travel options for a new part of the city, nothing booked yet.",4,3,7,"travel, adventure",2026-04-04,"Looked into travel options for a new part of the city, nothing booked yet.","looked into travel options for a new part of the city, nothing booked yet.","['looked', 'into', 'travel', 'options', 'new', 'part', 'city', 'nothing', 'booked', 'yet']",14,74,1
2026-04-05,"Saw a close friend briefly today, exchanged a few messages, nothing major. Quiet day, spoke with my family for a bit over the phone.",4,3,2,"relationships, family",2026-04-05,"Saw a close friend briefly today, exchanged a few messages, nothing major. Quiet day, spoke with my family for a bit over the phone.","saw a close friend briefly today, exchanged a few messages, nothing major. quiet day, spoke with my family for a bit over the phone.","['saw', 'close', 'friend', 'briefly', 'exchanged', 'few', 'messages', 'nothing', 'major', 'quiet', 'day', 'spoke', 'family', 'bit', 'phone']",24,132,2
2026-04-06,"Thought about picking writing back up today but didn't get to it. Did a bit of writing but got distracted halfway through. A fairly typical day, all things considered.",4,6,6,hobbies,2026-04-06,"Thought about picking writing back up today but didn't get to it. Did a bit of writing but got distracted halfway through. A fairly typical day, all things considered.","thought about picking writing back up today but didn't get to it. did a bit of writing but got distracted halfway through. a fairly typical day, all things considered.","['thought', 'picking', 'writing', ""didn't"", 'get', 'bit', 'writing', 'got', 'distracted', 'halfway', 'through', 'fairly', 'typical', 'day', 'all', 'things', 'considered']",29,167,3
2026-04-07,"Fairly average day at work, mostly just handled a client presentation without much excitement.",6,8,5,"career, meetings",2026-04-07,"Fairly average day at work, mostly just handled a client presentation without much excitement.","fairly average day at work, mostly just handled a client presentation without much excitement.","['fairly', 'average', 'day', 'work', 'mostly', 'handled', 'client', 'presentation', 'without', 'much', 'excitement']",14,94,1
2026-04-08,"Fairly lazy day overall, mixed a bit of rest with a few small chores.",7,7,4,sleep,2026-04-08,"Fairly lazy day overall, mixed a bit of rest with a few small chores.","fairly lazy day overall, mixed a bit of rest with a few small chores.","['fairly', 'lazy', 'day', 'overall', 'mixed', 'bit', 'rest', 'few', 'small', 'chores']",14,69,1
2026-04-10,"Spent most of the day on the quarterly report, nothing particularly noteworthy happened. Nothing particularly stands out about today.",6,6,5,career,2026-04-10,"Spent most of the day on the quarterly report, nothing particularly noteworthy happened. Nothing particularly stands out about today.","spent most of the day on the quarterly report, nothing particularly noteworthy happened. nothing particularly stands out about today.","['spent', 'most', 'day', 'quarterly', 'report', 'nothing', 'noteworthy', 'happened', 'nothing', 'stands']",19,133,2
2026-04-11,"Looked into travel options for the countryside, nothing booked yet. Thinking about planning a trip to the countryside sometime soon, haven't decided yet. A fairly typical day, all things considered.",5,6,4,"travel, adventure",2026-04-11,"Looked into travel options for the countryside, nothing booked yet. Thinking about planning a trip to the countryside sometime soon, haven't decided yet. A fairly typical day, all things considered.","looked into travel options for the countryside, nothing booked yet. thinking about planning a trip to the countryside sometime soon, haven't decided yet. a fairly typical day, all things considered.","['looked', 'into', 'travel', 'options', 'countryside', 'nothing', 'booked', 'yet', 'thinking', 'planning', 'trip', 'countryside', 'sometime', 'soon', ""haven't"", 'decided', 'yet', 'fairly', 'typical', 'day', 'all', 'things', 'considered']",30,198,3
2026-04-12,"Spent most of the day on a client presentation, nothing particularly noteworthy happened. Fairly average day at work, mostly just handled a backlog of emails without much excitement.",6,5,6,"productivity, career",2026-04-12,"Spent most of the day on a client presentation, nothing particularly noteworthy happened. Fairly average day at work, mostly just handled a backlog of emails without much excitement.","spent most of the day on a client presentation, nothing particularly noteworthy happened. fairly average day at work, mostly just handled a backlog of emails without much excitement.","['spent', 'most', 'day', 'client', 'presentation', 'nothing', 'noteworthy', 'happened', 'fairly', 'average', 'day', 'work', 'mostly', 'handled', 'backlog', 'emails', 'without', 'much', 'excitement']",28,182,2
2026-04-13,"Did absolutely nothing productive today and it felt great, exactly the break I needed. Took a proper rest day today, slept well and just recharged — much needed. Grateful for how the day turned out.",8,10,9,"relaxation, weekend, rest",2026-04-13,"Did absolutely nothing productive today and it felt great, exactly the break I needed. Took a proper rest day today, slept well and just recharged — much needed. Grateful for how the day turned out.","did absolutely nothing productive today and it felt great, exactly the break i needed. took a proper rest day today, slept well and just recharged  much needed. grateful for how the day turned out.","['absolutely', 'nothing', 'productive', 'great', 'exactly', 'break', 'needed', 'took', 'proper', 'rest', 'day', 'slept', 'well', 'recharged', 'much', 'needed', 'grateful', 'how', 'day', 'turned']",35,198,3
2026-04-14,Managed my anxiety about the exam well today by breaking the work into smaller pieces. Ending the day in a good mood.,7,8,9,"stress, deadline",2026-04-14,Managed my anxiety about the exam well today by breaking the work into smaller pieces. Ending the day in a good mood.,managed my anxiety about the exam well today by breaking the work into smaller pieces. ending the day in a good mood.,"['managed', 'anxiety', 'exam', 'well', 'by', 'breaking', 'work', 'into', 'smaller', 'pieces', 'ending', 'day', 'good', 'mood']",22,117,2
2026-04-15,"Spent most of the day on the quarterly report, nothing particularly noteworthy happened. Fairly average day at work, mostly just handled a client presentation without much excitement.",7,3,8,"productivity, meetings",2026-04-15,"Spent most of the day on the quarterly report, nothing particularly noteworthy happened. Fairly average day at work, mostly just handled a client presentation without much excitement.","spent most of the day on the quarterly report, nothing particularly noteworthy happened. fairly average day at work, mostly just handled a client presentation without much excitement.","['spent', 'most', 'day', 'quarterly', 'report', 'nothing', 'noteworthy', 'happened', 'fairly', 'average', 'day', 'work', 'mostly', 'handled', 'client', 'presentation', 'without', 'much', 'excitement']",27,183,2
2026-04-16,"Read through some notes on feature engineering but didn't get much hands-on pandas practice done. Spent some time reviewing machine learning, mostly going over correlation vs causation again.",7,5,5,"study, learning",2026-04-16,"Read through some notes on feature engineering but didn't get much hands-on pandas practice done. Spent some time reviewing machine learning, mostly going over correlation vs causation again.","read through some notes on feature engineering but didn't get much hands-on pandas practice done. spent some time reviewing machine learning, mostly going over correlation vs causation again.","['read', 'through', 'notes', 'feature', 'engineering', ""didn't"", 'get', 'much', 'hands', 'pandas', 'practice', 'done', 'spent', 'time', 'reviewing', 'machine', 'learning', 'mostly', 'going', 'correlation', 'vs', 'causation']",28,191,2
2026-04-17,Thought about picking playing guitar back up today but didn't get to it. Did a bit of reading but got distracted halfway through.,6,6,7,"hobbies, creativity",2026-04-17,Thought about picking playing guitar back up today but didn't get to it. Did a bit of reading but got distracted halfway through.,thought about picking playing guitar back up today but didn't get to it. did a bit of reading but got distracted halfway through.,"['thought', 'picking', 'playing', 'guitar', ""didn't"", 'get', 'bit', 'reading', 'got', 'distracted', 'halfway', 'through']",23,129,2
2026-04-19,Had a small disagreement with my parents today which put a bit of a damper on the day. Trying not to be too hard on myself about it.,4,3,2,"relationships, friends, family",2026-04-19,Had a small disagreement with my parents today which put a bit of a damper on the day. Trying not to be too hard on myself about it.,had a small disagreement with my parents today which put a bit of a damper on the day. trying not to be too hard on myself about it.,"['small', 'disagreement', 'parents', 'which', 'put', 'bit', 'damper', 'day', 'trying', 'not', 'too', 'hard', 'myself']",28,132,2
2026-04-20,"Barely got through any pandas today, my focus on overfitting kept slipping. Hoping tomorrow goes a bit better.",3,1,4,data science,2026-04-20,"Barely got through any pandas today, my focus on overfitting kept slipping. Hoping tomorrow goes a bit better.","barely got through any pandas today, my focus on overfitting kept slipping. hoping tomorrow goes a bit better.","['barely', 'got', 'through', 'any', 'pandas', 'focus', 'overfitting', 'kept', 'slipping', 'hoping', 'tomorrow', 'goes', 'bit', 'better']",18,110,2
2026-04-21,Struggled a lot with hypothesis testing — SQL is starting to feel overwhelming. Tried to study statistics today but kept getting stuck on hypothesis testing and felt frustrated.,3,3,4,study,2026-04-21,Struggled a lot with hypothesis testing — SQL is starting to feel overwhelming. Tried to study statistics today but kept getting stuck on hypothesis testing and felt frustrated.,struggled a lot with hypothesis testing  sql is starting to feel overwhelming. tried to study statistics today but kept getting stuck on hypothesis testing and felt frustrated.,"['struggled', 'lot', 'hypothesis', 'testing', 'sql', 'starting', 'overwhelming', 'tried', 'study', 'statistics', 'kept', 'getting', 'stuck', 'hypothesis', 'testing', 'frustrated']",28,177,2
2026-04-22,"Spent most of the day on a backlog of emails, nothing particularly noteworthy happened. Fairly average day at work, mostly just handled a client presentation without much excitement.",4,4,7,"work, productivity",2026-04-22,"Spent most of the day on a backlog of emails, nothing particularly noteworthy happened. Fairly average day at work, mostly just handled a client presentation without much excitement.","spent most of the day on a backlog of emails, nothing particularly noteworthy happened. fairly average day at work, mostly just handled a client presentation without much excitement.","['spent', 'most', 'day', 'backlog', 'emails', 'nothing', 'noteworthy', 'happened', 'fairly', 'average', 'day', 'work', 'mostly', 'handled', 'client', 'presentation', 'without', 'much', 'excitement']",28,182,2
2026-04-23,"Spent some time reviewing data visualization, mostly going over overfitting again. Just an ordinary day overall.",6,6,4,"python, data science",2026-04-23,"Spent some time reviewing data visualization, mostly going over overfitting again. Just an ordinary day overall.","spent some time reviewing data visualization, mostly going over overfitting again. just an ordinary day overall.","['spent', 'time', 'reviewing', 'data', 'visualization', 'mostly', 'going', 'overfitting', 'ordinary', 'day', 'overall']",16,112,2
2026-04-24,"Fairly lazy day overall, mixed a bit of rest with a few small chores. Nothing particularly stands out about today.",4,7,7,"relaxation, rest",2026-04-24,"Fairly lazy day overall, mixed a bit of rest with a few small chores. Nothing particularly stands out about today.","fairly lazy day overall, mixed a bit of rest with a few small chores. nothing particularly stands out about today.","['fairly', 'lazy', 'day', 'overall', 'mixed', 'bit', 'rest', 'few', 'small', 'chores', 'nothing', 'stands']",20,114,2
2026-04-25,"Made good progress on photography today, felt really fulfilling. Feeling optimistic about tomorrow.",9,10,10,"hobbies, creativity",2026-04-25,"Made good progress on photography today, felt really fulfilling. Feeling optimistic about tomorrow.","made good progress on photography today, felt really fulfilling. feeling optimistic about tomorrow.","['made', 'good', 'progress', 'photography', 'fulfilling', 'feeling', 'optimistic', 'tomorrow']",13,99,2
2026-04-26,Managed my anxiety about the project deadline well today by breaking the work into smaller pieces.,8,9,8,"stress, exam",2026-04-26,Managed my anxiety about the project deadline well today by breaking the work into smaller pieces.,managed my anxiety about the project deadline well today by breaking the work into smaller pieces.,"['managed', 'anxiety', 'project', 'deadline', 'well', 'by', 'breaking', 'work', 'into', 'smaller', 'pieces']",16,98,1
2026-04-27,"Fairly lazy day overall, mixed a bit of rest with a few small chores.",6,6,5,"relaxation, weekend",2026-04-27,"Fairly lazy day overall, mixed a bit of rest with a few small chores.","fairly lazy day overall, mixed a bit of rest with a few small chores.","['fairly', 'lazy', 'day', 'overall', 'mixed', 'bit', 'rest', 'few', 'small', 'chores']",14,69,1
2026-04-28,Did a bit of reading but got distracted halfway through. Nothing particularly stands out about today.,6,6,4,"music, reading, hobbies",2026-04-28,Did a bit of reading but got distracted halfway through. Nothing particularly stands out about today.,did a bit of reading but got distracted halfway through. nothing particularly stands out about today.,"['bit', 'reading', 'got', 'distracted', 'halfway', 'through', 'nothing', 'stands']",16,101,2
2026-04-29,"Finished a few pending tickets ahead of schedule today, which felt great going into the weekend. Grateful for how the day turned out.",8,6,7,"work, meetings, productivity",2026-04-29,"Finished a few pending tickets ahead of schedule today, which felt great going into the weekend. Grateful for how the day turned out.","finished a few pending tickets ahead of schedule today, which felt great going into the weekend. grateful for how the day turned out.","['finished', 'few', 'pending', 'tickets', 'ahead', 'schedule', 'which', 'great', 'going', 'into', 'weekend', 'grateful', 'how', 'day', 'turned']",23,133,2
2026-04-30,Wanted to spend time on sketching today but couldn't find the motivation.,2,3,5,hobbies,2026-04-30,Wanted to spend time on sketching today but couldn't find the motivation.,wanted to spend time on sketching today but couldn't find the motivation.,"['wanted', 'spend', 'time', 'sketching', ""couldn't"", 'find', 'motivation']",12,73,1
2026-05-01,Wanted to spend time on photography today but couldn't find the motivation.,5,3,5,"hobbies, music",2026-05-01,Wanted to spend time on photography today but couldn't find the motivation.,wanted to spend time on photography today but couldn't find the motivation.,"['wanted', 'spend', 'time', 'photography', ""couldn't"", 'find', 'motivation']",12,75,1
2026-05-02,"Fairly lazy day overall, mixed a bit of rest with a few small chores.",6,5,3,"weekend, relaxation",2026-05-02,"Fairly lazy day overall, mixed a bit of rest with a few small chores.","fairly lazy day overall, mixed a bit of rest with a few small chores.","['fairly', 'lazy', 'day', 'overall', 'mixed', 'bit', 'rest', 'few', 'small', 'chores']",14,69,1
2026-05-03,Wanted to spend time on playing guitar today but couldn't find the motivation.,3,2,4,creativity,2026-05-03,Wanted to spend time on playing guitar today but couldn't find the motivation.,wanted to spend time on playing guitar today but couldn't find the motivation.,"['wanted', 'spend', 'time', 'playing', 'guitar', ""couldn't"", 'find', 'motivation']",13,78,1
2026-05-04,Read through some notes on gradient descent but didn't get much hands-on pandas practice done.,7,2,5,"study, python",2026-05-04,Read through some notes on gradient descent but didn't get much hands-on pandas practice done.,read through some notes on gradient descent but didn't get much hands-on pandas practice done.,"['read', 'through', 'notes', 'gradient', 'descent', ""didn't"", 'get', 'much', 'hands', 'pandas', 'practice', 'done']",15,94,1
2026-05-05,"Couldn't really relax today even though I had the time, mind was too restless. Slept badly last night and it affected the whole day.",3,4,1,relaxation,2026-05-05,"Couldn't really relax today even though I had the time, mind was too restless. Slept badly last night and it affected the whole day.","couldn't really relax today even though i had the time, mind was too restless. slept badly last night and it affected the whole day.","[""couldn't"", 'relax', 'even', 'though', 'time', 'mind', 'too', 'restless', 'slept', 'badly', 'last', 'night', 'affected', 'whole', 'day']",24,132,2
2026-05-06,"Spent most of the day on a backlog of emails, nothing particularly noteworthy happened. Nothing particularly stands out about today.",8,5,6,"meetings, career",2026-05-06,"Spent most of the day on a backlog of emails, nothing particularly noteworthy happened. Nothing particularly stands out about today.","spent most of the day on a backlog of emails, nothing particularly noteworthy happened. nothing particularly stands out about today.","['spent', 'most', 'day', 'backlog', 'emails', 'nothing', 'noteworthy', 'happened', 'nothing', 'stands']",20,132,2
2026-05-07,"Did absolutely nothing productive today and it felt great, exactly the break I needed. Ending the day in a good mood.",7,6,4,"weekend, sleep",2026-05-07,"Did absolutely nothing productive today and it felt great, exactly the break I needed. Ending the day in a good mood.","did absolutely nothing productive today and it felt great, exactly the break i needed. ending the day in a good mood.","['absolutely', 'nothing', 'productive', 'great', 'exactly', 'break', 'needed', 'ending', 'day', 'good', 'mood']",21,117,2
2026-05-08,"Had a productive study session on data visualization, especially around correlation vs causation. I made real progress on Python today — overfitting finally clicked after struggling with it for a while. Overall a pretty good day.",7,5,7,"data science, coding, python",2026-05-08,"Had a productive study session on data visualization, especially around correlation vs causation. I made real progress on Python today — overfitting finally clicked after struggling with it for a while. Overall a pretty good day.","had a productive study session on data visualization, especially around correlation vs causation. i made real progress on python today  overfitting finally clicked after struggling with it for a while. overall a pretty good day.","['productive', 'study', 'session', 'data', 'visualization', 'especially', 'around', 'correlation', 'vs', 'causation', 'made', 'real', 'progress', 'python', 'overfitting', 'finally', 'clicked', 'after', 'struggling', 'while', 'overall', 'pretty', 'good', 'day']",36,229,3
2026-05-09,"Fairly lazy day overall, mixed a bit of rest with a few small chores. Nothing particularly stands out about today.",5,6,3,weekend,2026-05-09,"Fairly lazy day overall, mixed a bit of rest with a few small chores. Nothing particularly stands out about today.","fairly lazy day overall, mixed a bit of rest with a few small chores. nothing particularly stands out about today.","['fairly', 'lazy', 'day', 'overall', 'mixed', 'bit', 'rest', 'few', 'small', 'chores', 'nothing', 'stands']",20,114,2
2026-05-10,"Great day with my family, nothing planned but it turned out to be one of the better days recently.",6,7,9,"weekend, relationships, family",2026-05-10,"Great day with my family, nothing planned but it turned out to be one of the better days recently.","great day with my family, nothing planned but it turned out to be one of the better days recently.","['great', 'day', 'family', 'nothing', 'planned', 'turned', 'one', 'better', 'days', 'recently']",19,98,1
2026-05-11,"Great day with an old friend, nothing planned but it turned out to be one of the better days recently.",8,6,7,"family, relationships, weekend",2026-05-11,"Great day with an old friend, nothing planned but it turned out to be one of the better days recently.","great day with an old friend, nothing planned but it turned out to be one of the better days recently.","['great', 'day', 'old', 'friend', 'nothing', 'planned', 'turned', 'one', 'better', 'days', 'recently']",20,102,1
2026-05-12,"Did a light swim session, nothing intense, just kept the habit going. Nothing particularly stands out about today.",6,6,6,"exercise, fitness",2026-05-12,"Did a light swim session, nothing intense, just kept the habit going. Nothing particularly stands out about today.","did a light swim session, nothing intense, just kept the habit going. nothing particularly stands out about today.","['light', 'swim', 'session', 'nothing', 'intense', 'kept', 'habit', 'going', 'nothing', 'stands']",18,114,2
2026-05-13,"Did a light run session, nothing intense, just kept the habit going. Skipped my usual gym workout today but ate reasonably well. Ready to see what tomorrow brings.",4,5,7,"exercise, health, wellbeing",2026-05-13,"Did a light run session, nothing intense, just kept the habit going. Skipped my usual gym workout today but ate reasonably well. Ready to see what tomorrow brings.","did a light run session, nothing intense, just kept the habit going. skipped my usual gym workout today but ate reasonably well. ready to see what tomorrow brings.","['light', 'run', 'session', 'nothing', 'intense', 'kept', 'habit', 'going', 'skipped', 'usual', 'gym', 'workout', 'ate', 'reasonably', 'well', 'ready', 'see', 'what', 'tomorrow', 'brings']",28,163,3
2026-05-14,Wanted to spend time on playing guitar today but couldn't find the motivation.,3,2,4,"creativity, music",2026-05-14,Wanted to spend time on playing guitar today but couldn't find the motivation.,wanted to spend time on playing guitar today but couldn't find the motivation.,"['wanted', 'spend', 'time', 'playing', 'guitar', ""couldn't"", 'find', 'motivation']",13,78,1
2026-05-15,"Fairly average day at work, mostly just handled the quarterly report without much excitement. Ready to see what tomorrow brings.",6,5,3,"work, meetings",2026-05-15,"Fairly average day at work, mostly just handled the quarterly report without much excitement. Ready to see what tomorrow brings.","fairly average day at work, mostly just handled the quarterly report without much excitement. ready to see what tomorrow brings.","['fairly', 'average', 'day', 'work', 'mostly', 'handled', 'quarterly', 'report', 'without', 'much', 'excitement', 'ready', 'see', 'what', 'tomorrow', 'brings']",20,128,2
2026-05-16,"Took a short trip to the nearby hill station today, it was a nice change of scenery and really refreshing.",6,6,7,"adventure, travel",2026-05-16,"Took a short trip to the nearby hill station today, it was a nice change of scenery and really refreshing.","took a short trip to the nearby hill station today, it was a nice change of scenery and really refreshing.","['took', 'short', 'trip', 'nearby', 'hill', 'station', 'nice', 'change', 'scenery', 'refreshing']",20,106,1
2026-05-17,Thought about picking sketching back up today but didn't get to it. Did a bit of reading but got distracted halfway through.,6,4,4,"reading, creativity, music",2026-05-17,Thought about picking sketching back up today but didn't get to it. Did a bit of reading but got distracted halfway through.,thought about picking sketching back up today but didn't get to it. did a bit of reading but got distracted halfway through.,"['thought', 'picking', 'sketching', ""didn't"", 'get', 'bit', 'reading', 'got', 'distracted', 'halfway', 'through']",22,124,2
2026-05-18,Wanted to spend time on writing today but couldn't find the motivation. Trying not to be too hard on myself about it.,4,6,5,"hobbies, reading",2026-05-18,Wanted to spend time on writing today but couldn't find the motivation. Trying not to be too hard on myself about it.,wanted to spend time on writing today but couldn't find the motivation. trying not to be too hard on myself about it.,"['wanted', 'spend', 'time', 'writing', ""couldn't"", 'find', 'motivation', 'trying', 'not', 'too', 'hard', 'myself']",22,117,2
2026-05-19,Went for a run this morning and felt really energized for the rest of the day.,10,7,8,health,2026-05-19,Went for a run this morning and felt really energized for the rest of the day.,went for a run this morning and felt really energized for the rest of the day.,"['went', 'run', 'morning', 'energized', 'rest', 'day']",16,78,1
2026-05-20,Missed a call from a close friend and felt a bit guilty about not making more time for them lately. Need to get more rest tonight.,3,3,3,"weekend, friends, relationships",2026-05-20,Missed a call from a close friend and felt a bit guilty about not making more time for them lately. Need to get more rest tonight.,missed a call from a close friend and felt a bit guilty about not making more time for them lately. need to get more rest tonight.,"['missed', 'call', 'from', 'close', 'friend', 'bit', 'guilty', 'not', 'making', 'more', 'time', 'them', 'lately', 'need', 'get', 'more', 'rest', 'tonight']",26,130,2
2026-05-21,"Woke up tired and skipped walk entirely, energy was low all day. Didn't get any swim in today and felt sluggish because of it.",3,2,5,"exercise, wellbeing, fitness",2026-05-21,"Woke up tired and skipped walk entirely, energy was low all day. Didn't get any swim in today and felt sluggish because of it.","woke up tired and skipped walk entirely, energy was low all day. didn't get any swim in today and felt sluggish because of it.","['woke', 'tired', 'skipped', 'walk', 'entirely', 'energy', 'low', 'all', 'day', ""didn't"", 'get', 'any', 'swim', 'sluggish', 'because']",24,126,2
2026-05-22,"Felt pretty drained after dealing with a few pending tickets, didn't get much else done.",7,3,4,career,2026-05-22,"Felt pretty drained after dealing with a few pending tickets, didn't get much else done.","felt pretty drained after dealing with a few pending tickets, didn't get much else done.","['pretty', 'drained', 'after', 'dealing', 'few', 'pending', 'tickets', ""didn't"", 'get', 'much', 'else', 'done']",15,88,1
2026-05-23,Wanted to spend time on playing guitar today but couldn't find the motivation.,5,5,3,"hobbies, creativity",2026-05-23,Wanted to spend time on playing guitar today but couldn't find the motivation.,wanted to spend time on playing guitar today but couldn't find the motivation.,"['wanted', 'spend', 'time', 'playing', 'guitar', ""couldn't"", 'find', 'motivation']",13,78,1
2026-05-24,"Trip to a local market got cancelled today, which was disappointing.",4,2,5,"travel, adventure, weekend",2026-05-24,"Trip to a local market got cancelled today, which was disappointing.","trip to a local market got cancelled today, which was disappointing.","['trip', 'local', 'market', 'got', 'cancelled', 'which', 'disappointing']",11,68,1
2026-05-25,Read through some notes on hypothesis testing but didn't get much hands-on statistics practice done.,7,3,5,"coding, learning",2026-05-25,Read through some notes on hypothesis testing but didn't get much hands-on statistics practice done.,read through some notes on hypothesis testing but didn't get much hands-on statistics practice done.,"['read', 'through', 'notes', 'hypothesis', 'testing', ""didn't"", 'get', 'much', 'hands', 'statistics', 'practice', 'done']",15,100,1
2026-05-26,"Made good progress on reading today, felt really fulfilling. Spent the evening on playing guitar, completely lost track of time — it was exactly what I needed.",8,8,5,"reading, hobbies",2026-05-26,"Made good progress on reading today, felt really fulfilling. Spent the evening on playing guitar, completely lost track of time — it was exactly what I needed.","made good progress on reading today, felt really fulfilling. spent the evening on playing guitar, completely lost track of time  it was exactly what i needed.","['made', 'good', 'progress', 'reading', 'fulfilling', 'spent', 'evening', 'playing', 'guitar', 'completely', 'lost', 'track', 'time', 'exactly', 'what', 'needed']",27,159,2
2026-05-27,"Did a light run session, nothing intense, just kept the habit going. Skipped my usual yoga session today but ate reasonably well. Just an ordinary day overall.",7,4,6,"health, exercise",2026-05-27,"Did a light run session, nothing intense, just kept the habit going. Skipped my usual yoga session today but ate reasonably well. Just an ordinary day overall.","did a light run session, nothing intense, just kept the habit going. skipped my usual yoga session today but ate reasonably well. just an ordinary day overall.","['light', 'run', 'session', 'nothing', 'intense', 'kept', 'habit', 'going', 'skipped', 'usual', 'yoga', 'session', 'ate', 'reasonably', 'well', 'ordinary', 'day', 'overall']",27,159,3
2026-05-28,"Spent most of the day on the project deadline, nothing particularly noteworthy happened. Just an ordinary day overall.",6,4,6,work,2026-05-28,"Spent most of the day on the project deadline, nothing particularly noteworthy happened. Just an ordinary day overall.","spent most of the day on the project deadline, nothing particularly noteworthy happened. just an ordinary day overall.","['spent', 'most', 'day', 'project', 'deadline', 'nothing', 'noteworthy', 'happened', 'ordinary', 'day', 'overall']",18,118,2
2026-05-29,"Looked into travel options for the coast, nothing booked yet. Thinking about planning a trip to a new part of the city sometime soon, haven't decided yet.",5,4,5,"weekend, adventure",2026-05-29,"Looked into travel options for the coast, nothing booked yet. Thinking about planning a trip to a new part of the city sometime soon, haven't decided yet.","looked into travel options for the coast, nothing booked yet. thinking about planning a trip to a new part of the city sometime soon, haven't decided yet.","['looked', 'into', 'travel', 'options', 'coast', 'nothing', 'booked', 'yet', 'thinking', 'planning', 'trip', 'new', 'part', 'city', 'sometime', 'soon', ""haven't"", 'decided', 'yet']",27,154,2
2026-05-30,"Saw my sibling briefly today, exchanged a few messages, nothing major. A fairly typical day, all things considered.",6,5,5,"family, weekend",2026-05-30,"Saw my sibling briefly today, exchanged a few messages, nothing major. A fairly typical day, all things considered.","saw my sibling briefly today, exchanged a few messages, nothing major. a fairly typical day, all things considered.","['saw', 'sibling', 'briefly', 'exchanged', 'few', 'messages', 'nothing', 'major', 'fairly', 'typical', 'day', 'all', 'things', 'considered']",18,115,2
2026-05-31,"Fairly lazy day overall, mixed a bit of rest with a few small chores.",4,7,5,"sleep, rest, relaxation",2026-05-31,"Fairly lazy day overall, mixed a bit of rest with a few small chores.","fairly lazy day overall, mixed a bit of rest with a few small chores.","['fairly', 'lazy', 'day', 'overall', 'mixed', 'bit', 'rest', 'few', 'small', 'chores']",14,69,1
2026-06-01,"Saw a close friend briefly today, exchanged a few messages, nothing major. Just an ordinary day overall.",7,3,3,"friends, weekend, family",2026-06-01,"Saw a close friend briefly today, exchanged a few messages, nothing major. Just an ordinary day overall.","saw a close friend briefly today, exchanged a few messages, nothing major. just an ordinary day overall.","['saw', 'close', 'friend', 'briefly', 'exchanged', 'few', 'messages', 'nothing', 'major', 'ordinary', 'day', 'overall']",17,104,2
2026-06-02,"Saw my parents briefly today, exchanged a few messages, nothing major. Just an ordinary day overall.",6,6,6,"weekend, family, relationships",2026-06-02,"Saw my parents briefly today, exchanged a few messages, nothing major. Just an ordinary day overall.","saw my parents briefly today, exchanged a few messages, nothing major. just an ordinary day overall.","['saw', 'parents', 'briefly', 'exchanged', 'few', 'messages', 'nothing', 'major', 'ordinary', 'day', 'overall']",16,100,2
2026-06-03,"Finished a backlog of emails ahead of schedule today, which felt great going into the weekend. Had a really productive day at work — cleared most of my a few pending tickets and even helped a coworker with theirs.",8,7,6,"career, meetings",2026-06-03,"Finished a backlog of emails ahead of schedule today, which felt great going into the weekend. Had a really productive day at work — cleared most of my a few pending tickets and even helped a coworker with theirs.","finished a backlog of emails ahead of schedule today, which felt great going into the weekend. had a really productive day at work  cleared most of my a few pending tickets and even helped a coworker with theirs.","['finished', 'backlog', 'emails', 'ahead', 'schedule', 'which', 'great', 'going', 'into', 'weekend', 'productive', 'day', 'work', 'cleared', 'most', 'few', 'pending', 'tickets', 'even', 'helped', 'coworker', 'theirs']",39,213,2
2026-06-04,"Felt pretty drained after dealing with a client presentation, didn't get much else done. Hoping tomorrow goes a bit better.",3,4,3,work,2026-06-04,"Felt pretty drained after dealing with a client presentation, didn't get much else done. Hoping tomorrow goes a bit better.","felt pretty drained after dealing with a client presentation, didn't get much else done. hoping tomorrow goes a bit better.","['pretty', 'drained', 'after', 'dealing', 'client', 'presentation', ""didn't"", 'get', 'much', 'else', 'done', 'hoping', 'tomorrow', 'goes', 'bit', 'better']",20,123,2
2026-06-05,Feeling really stressed about the presentation — couldn't focus on much else today. Anxiety about the job interview made it hard to get anything meaningful done today.,4,5,6,"deadline, exam, stress",2026-06-05,Feeling really stressed about the presentation — couldn't focus on much else today. Anxiety about the job interview made it hard to get anything meaningful done today.,feeling really stressed about the presentation  couldn't focus on much else today. anxiety about the job interview made it hard to get anything meaningful done today.,"['feeling', 'stressed', 'presentation', ""couldn't"", 'focus', 'much', 'else', 'anxiety', 'job', 'interview', 'made', 'hard', 'get', 'anything', 'meaningful', 'done']",27,167,2
2026-06-06,Slept badly last night and it affected the whole day. Need to get more rest tonight.,4,5,4,sleep,2026-06-06,Slept badly last night and it affected the whole day. Need to get more rest tonight.,slept badly last night and it affected the whole day. need to get more rest tonight.,"['slept', 'badly', 'last', 'night', 'affected', 'whole', 'day', 'need', 'get', 'more', 'rest', 'tonight']",16,84,2
2026-06-07,"The project deadline is weighing on me a lot, didn't sleep well because of it. Anxiety about the presentation made it hard to get anything meaningful done today.",4,5,3,"deadline, anxiety, stress",2026-06-07,"The project deadline is weighing on me a lot, didn't sleep well because of it. Anxiety about the presentation made it hard to get anything meaningful done today.","the project deadline is weighing on me a lot, didn't sleep well because of it. anxiety about the presentation made it hard to get anything meaningful done today.","['project', 'deadline', 'weighing', 'me', 'lot', ""didn't"", 'sleep', 'well', 'because', 'anxiety', 'presentation', 'made', 'hard', 'get', 'anything', 'meaningful', 'done']",28,161,2
2026-06-09,Skipped my usual swim today but ate reasonably well.,5,8,5,"fitness, health",2026-06-09,Skipped my usual swim today but ate reasonably well.,skipped my usual swim today but ate reasonably well.,"['skipped', 'usual', 'swim', 'ate', 'reasonably', 'well']",9,52,1
2026-06-10,"Fairly lazy day overall, mixed a bit of rest with a few small chores. Ready to see what tomorrow brings.",5,6,3,"sleep, weekend",2026-06-10,"Fairly lazy day overall, mixed a bit of rest with a few small chores. Ready to see what tomorrow brings.","fairly lazy day overall, mixed a bit of rest with a few small chores. ready to see what tomorrow brings.","['fairly', 'lazy', 'day', 'overall', 'mixed', 'bit', 'rest', 'few', 'small', 'chores', 'ready', 'see', 'what', 'tomorrow', 'brings']",20,104,2
2026-06-11,"Struggled to focus on a few pending tickets today, kept getting pulled into unnecessary meetings. Need to get more rest tonight.",1,3,2,"work, productivity",2026-06-11,"Struggled to focus on a few pending tickets today, kept getting pulled into unnecessary meetings. Need to get more rest tonight.","struggled to focus on a few pending tickets today, kept getting pulled into unnecessary meetings. need to get more rest tonight.","['struggled', 'focus', 'few', 'pending', 'tickets', 'kept', 'getting', 'pulled', 'into', 'unnecessary', 'meetings', 'need', 'get', 'more', 'rest', 'tonight']",21,128,2
2026-06-12,"Spent most of the day on a backlog of emails, nothing particularly noteworthy happened. Nothing particularly stands out about today.",5,4,5,"work, meetings, career",2026-06-12,"Spent most of the day on a backlog of emails, nothing particularly noteworthy happened. Nothing particularly stands out about today.","spent most of the day on a backlog of emails, nothing particularly noteworthy happened. nothing particularly stands out about today.","['spent', 'most', 'day', 'backlog', 'emails', 'nothing', 'noteworthy', 'happened', 'nothing', 'stands']",20,132,2
2026-06-13,"Fairly lazy day overall, mixed a bit of rest with a few small chores.",6,6,4,"weekend, sleep",2026-06-13,"Fairly lazy day overall, mixed a bit of rest with a few small chores.","fairly lazy day overall, mixed a bit of rest with a few small chores.","['fairly', 'lazy', 'day', 'overall', 'mixed', 'bit', 'rest', 'few', 'small', 'chores']",14,69,1
2026-06-14,"Read through some notes on feature engineering but didn't get much hands-on machine learning practice done. A fairly typical day, all things considered.",7,6,3,"learning, study, data science",2026-06-14,"Read through some notes on feature engineering but didn't get much hands-on machine learning practice done. A fairly typical day, all things considered.","read through some notes on feature engineering but didn't get much hands-on machine learning practice done. a fairly typical day, all things considered.","['read', 'through', 'notes', 'feature', 'engineering', ""didn't"", 'get', 'much', 'hands', 'machine', 'learning', 'practice', 'done', 'fairly', 'typical', 'day', 'all', 'things', 'considered']",23,152,2
2026-06-15,"Good day overall, made solid progress on a client presentation and the team meeting went smoothly. Finished the quarterly report ahead of schedule today, which felt great going into the weekend. Grateful for how the day turned out.",5,8,8,"career, meetings",2026-06-15,"Good day overall, made solid progress on a client presentation and the team meeting went smoothly. Finished the quarterly report ahead of schedule today, which felt great going into the weekend. Grateful for how the day turned out.","good day overall, made solid progress on a client presentation and the team meeting went smoothly. finished the quarterly report ahead of schedule today, which felt great going into the weekend. grateful for how the day turned out.","['good', 'day', 'overall', 'made', 'solid', 'progress', 'client', 'presentation', 'team', 'meeting', 'went', 'smoothly', 'finished', 'quarterly', 'report', 'ahead', 'schedule', 'which', 'great', 'going', 'into', 'weekend', 'grateful', 'how', 'day', 'turned']",38,231,3
2026-06-16,"The exam is coming up soon, feeling a mix of nervous and okay about it. A fairly typical day, all things considered.",6,6,7,"exam, stress, anxiety",2026-06-16,"The exam is coming up soon, feeling a mix of nervous and okay about it. A fairly typical day, all things considered.","the exam is coming up soon, feeling a mix of nervous and okay about it. a fairly typical day, all things considered.","['exam', 'coming', 'soon', 'feeling', 'mix', 'nervous', 'okay', 'fairly', 'typical', 'day', 'all', 'things', 'considered']",22,116,2
2026-06-17,"Did a light run session, nothing intense, just kept the habit going. Nothing particularly stands out about today.",5,6,4,"fitness, wellbeing",2026-06-17,"Did a light run session, nothing intense, just kept the habit going. Nothing particularly stands out about today.","did a light run session, nothing intense, just kept the habit going. nothing particularly stands out about today.","['light', 'run', 'session', 'nothing', 'intense', 'kept', 'habit', 'going', 'nothing', 'stands']",18,113,2
2026-06-18,"Spent most of the day on a few pending tickets, nothing particularly noteworthy happened. Fairly average day at work, mostly just handled a client presentation without much excitement.",3,3,2,"meetings, work, productivity",2026-06-18,"Spent most of the day on a few pending tickets, nothing particularly noteworthy happened. Fairly average day at work, mostly just handled a client presentation without much excitement.","spent most of the day on a few pending tickets, nothing particularly noteworthy happened. fairly average day at work, mostly just handled a client presentation without much excitement.","['spent', 'most', 'day', 'few', 'pending', 'tickets', 'nothing', 'noteworthy', 'happened', 'fairly', 'average', 'day', 'work', 'mostly', 'handled', 'client', 'presentation', 'without', 'much', 'excitement']",28,184,2
2026-06-19,Read through some notes on correlation vs causation but didn't get much hands-on SQL practice done.,9,8,5,python,2026-06-19,Read through some notes on correlation vs causation but didn't get much hands-on SQL practice done.,read through some notes on correlation vs causation but didn't get much hands-on sql practice done.,"['read', 'through', 'notes', 'correlation', 'vs', 'causation', ""didn't"", 'get', 'much', 'hands', 'sql', 'practice', 'done']",16,99,1
2026-06-20,"Finished the project deadline ahead of schedule today, which felt great going into the weekend. Looking forward to more days like this.",9,7,7,work,2026-06-20,"Finished the project deadline ahead of schedule today, which felt great going into the weekend. Looking forward to more days like this.","finished the project deadline ahead of schedule today, which felt great going into the weekend. looking forward to more days like this.","['finished', 'project', 'deadline', 'ahead', 'schedule', 'which', 'great', 'going', 'into', 'weekend', 'looking', 'forward', 'more', 'days', 'like']",22,135,2
2026-06-21,"Struggled to focus on a backlog of emails today, kept getting pulled into unnecessary meetings. Felt pretty drained after dealing with a backlog of emails, didn't get much else done.",3,2,3,"career, work, productivity",2026-06-21,"Struggled to focus on a backlog of emails today, kept getting pulled into unnecessary meetings. Felt pretty drained after dealing with a backlog of emails, didn't get much else done.","struggled to focus on a backlog of emails today, kept getting pulled into unnecessary meetings. felt pretty drained after dealing with a backlog of emails, didn't get much else done.","['struggled', 'focus', 'backlog', 'emails', 'kept', 'getting', 'pulled', 'into', 'unnecessary', 'meetings', 'pretty', 'drained', 'after', 'dealing', 'backlog', 'emails', ""didn't"", 'get', 'much', 'else', 'done']",30,182,2
2026-06-23,Wanted to spend time on writing today but couldn't find the motivation.,3,4,2,"creativity, hobbies",2026-06-23,Wanted to spend time on writing today but couldn't find the motivation.,wanted to spend time on writing today but couldn't find the motivation.,"['wanted', 'spend', 'time', 'writing', ""couldn't"", 'find', 'motivation']",12,71,1
2026-06-24,Anxiety about the assignment due date made it hard to get anything meaningful done today.,1,3,3,"deadline, exam, anxiety",2026-06-24,Anxiety about the assignment due date made it hard to get anything meaningful done today.,anxiety about the assignment due date made it hard to get anything meaningful done today.,"['anxiety', 'assignment', 'due', 'date', 'made', 'hard', 'get', 'anything', 'meaningful', 'done']",15,89,1
2026-06-25,Wanted to spend time on sketching today but couldn't find the motivation. Need to get more rest tonight.,3,2,1,"hobbies, creativity",2026-06-25,Wanted to spend time on sketching today but couldn't find the motivation. Need to get more rest tonight.,wanted to spend time on sketching today but couldn't find the motivation. need to get more rest tonight.,"['wanted', 'spend', 'time', 'sketching', ""couldn't"", 'find', 'motivation', 'need', 'get', 'more', 'rest', 'tonight']",18,104,2
2026-06-26,"Trip to the coast got cancelled today, which was disappointing.",5,5,4,adventure,2026-06-26,"Trip to the coast got cancelled today, which was disappointing.","trip to the coast got cancelled today, which was disappointing.","['trip', 'coast', 'got', 'cancelled', 'which', 'disappointing']",10,63,1
2026-06-27,"Did absolutely nothing productive today and it felt great, exactly the break I needed. Looking forward to more days like this.",5,7,6,"relaxation, rest",2026-06-27,"Did absolutely nothing productive today and it felt great, exactly the break I needed. Looking forward to more days like this.","did absolutely nothing productive today and it felt great, exactly the break i needed. looking forward to more days like this.","['absolutely', 'nothing', 'productive', 'great', 'exactly', 'break', 'needed', 'looking', 'forward', 'more', 'days', 'like']",21,126,2
2026-06-28,"Quiet day, spoke with an old friend for a bit over the phone. Saw an old friend briefly today, exchanged a few messages, nothing major.",6,4,5,"relationships, family, friends",2026-06-28,"Quiet day, spoke with an old friend for a bit over the phone. Saw an old friend briefly today, exchanged a few messages, nothing major.","quiet day, spoke with an old friend for a bit over the phone. saw an old friend briefly today, exchanged a few messages, nothing major.","['quiet', 'day', 'spoke', 'old', 'friend', 'bit', 'phone', 'saw', 'old', 'friend', 'briefly', 'exchanged', 'few', 'messages', 'nothing', 'major']",25,135,2
2026-06-30,"Skipped my usual swim today but ate reasonably well. Did a light yoga session session, nothing intense, just kept the habit going. Just an ordinary day overall.",3,8,3,"exercise, wellbeing",2026-06-30,"Skipped my usual swim today but ate reasonably well. Did a light yoga session session, nothing intense, just kept the habit going. Just an ordinary day overall.","skipped my usual swim today but ate reasonably well. did a light yoga session session, nothing intense, just kept the habit going. just an ordinary day overall.","['skipped', 'usual', 'swim', 'ate', 'reasonably', 'well', 'light', 'yoga', 'session', 'session', 'nothing', 'intense', 'kept', 'habit', 'going', 'ordinary', 'day', 'overall']",27,160,3
2026-07-01,"Quiet day, spoke with my sibling for a bit over the phone.",6,4,3,"family, relationships",2026-07-01,"Quiet day, spoke with my sibling for a bit over the phone.","quiet day, spoke with my sibling for a bit over the phone.","['quiet', 'day', 'spoke', 'sibling', 'bit', 'phone']",12,58,1
2026-07-03,Struggled a lot with gradient descent — SQL is starting to feel overwhelming.,5,1,5,python,2026-07-03,Struggled a lot with gradient descent — SQL is starting to feel overwhelming.,struggled a lot with gradient descent  sql is starting to feel overwhelming.,"['struggled', 'lot', 'gradient', 'descent', 'sql', 'starting', 'overwhelming']",13,77,1
2026-07-04,"Did a bit of statistics practice today, nothing major, just consolidating joins.",4,5,4,"data science, study, coding",2026-07-04,"Did a bit of statistics practice today, nothing major, just consolidating joins.","did a bit of statistics practice today, nothing major, just consolidating joins.","['bit', 'statistics', 'practice', 'nothing', 'major', 'consolidating', 'joins']",12,80,1
2026-07-05,"Spent quality time with my parents today, it was really nice to just relax and catch up.",8,5,6,relationships,2026-07-05,"Spent quality time with my parents today, it was really nice to just relax and catch up.","spent quality time with my parents today, it was really nice to just relax and catch up.","['spent', 'quality', 'time', 'parents', 'nice', 'relax', 'catch']",17,88,1
2026-07-06,Slept badly last night and it affected the whole day.,6,3,7,relaxation,2026-07-06,Slept badly last night and it affected the whole day.,slept badly last night and it affected the whole day.,"['slept', 'badly', 'last', 'night', 'affected', 'whole', 'day']",10,53,1
2026-07-07,"Fairly lazy day overall, mixed a bit of rest with a few small chores. Just an ordinary day overall.",4,4,4,"sleep, relaxation",2026-07-07,"Fairly lazy day overall, mixed a bit of rest with a few small chores. Just an ordinary day overall.","fairly lazy day overall, mixed a bit of rest with a few small chores. just an ordinary day overall.","['fairly', 'lazy', 'day', 'overall', 'mixed', 'bit', 'rest', 'few', 'small', 'chores', 'ordinary', 'day', 'overall']",19,99,2
2026-07-08,Rough day at work — the quarterly report kept getting delayed and I felt behind the whole time.,4,2,1,productivity,2026-07-08,Rough day at work — the quarterly report kept getting delayed and I felt behind the whole time.,rough day at work  the quarterly report kept getting delayed and i felt behind the whole time.,"['rough', 'day', 'work', 'quarterly', 'report', 'kept', 'getting', 'delayed', 'behind', 'whole', 'time']",18,95,1
2026-07-09,"Fairly average day at work, mostly just handled a backlog of emails without much excitement.",3,4,4,"meetings, career",2026-07-09,"Fairly average day at work, mostly just handled a backlog of emails without much excitement.","fairly average day at work, mostly just handled a backlog of emails without much excitement.","['fairly', 'average', 'day', 'work', 'mostly', 'handled', 'backlog', 'emails', 'without', 'much', 'excitement']",15,92,1
2026-07-11,"Trip to the nearby hill station got cancelled today, which was disappointing.",7,4,4,"adventure, travel, weekend",2026-07-11,"Trip to the nearby hill station got cancelled today, which was disappointing.","trip to the nearby hill station got cancelled today, which was disappointing.","['trip', 'nearby', 'hill', 'station', 'got', 'cancelled', 'which', 'disappointing']",12,77,1
2026-07-12,Had a small disagreement with my sibling today which put a bit of a damper on the day. Hoping tomorrow goes a bit better.,2,3,1,weekend,2026-07-12,Had a small disagreement with my sibling today which put a bit of a damper on the day. Hoping tomorrow goes a bit better.,had a small disagreement with my sibling today which put a bit of a damper on the day. hoping tomorrow goes a bit better.,"['small', 'disagreement', 'sibling', 'which', 'put', 'bit', 'damper', 'day', 'hoping', 'tomorrow', 'goes', 'bit', 'better']",24,121,2
2026-07-13,"Despite the upcoming presentation, I felt in control today and made good progress preparing for it. Ending the day in a good mood.",5,6,6,"anxiety, deadline",2026-07-13,"Despite the upcoming presentation, I felt in control today and made good progress preparing for it. Ending the day in a good mood.","despite the upcoming presentation, i felt in control today and made good progress preparing for it. ending the day in a good mood.","['despite', 'upcoming', 'presentation', 'control', 'made', 'good', 'progress', 'preparing', 'ending', 'day', 'good', 'mood']",23,130,2
2026-07-14,Thinking about the job interview a lot today but haven't really started preparing yet.,5,6,6,"anxiety, deadline, exam",2026-07-14,Thinking about the job interview a lot today but haven't really started preparing yet.,thinking about the job interview a lot today but haven't really started preparing yet.,"['thinking', 'job', 'interview', 'lot', ""haven't"", 'started', 'preparing', 'yet']",14,86,1
2026-07-15,Had a small disagreement with my parents today which put a bit of a damper on the day. Missed a call from a close friend and felt a bit guilty about not making more time for them lately. Need to get more rest tonight.,5,5,4,friends,2026-07-15,Had a small disagreement with my parents today which put a bit of a damper on the day. Missed a call from a close friend and felt a bit guilty about not making more time for them lately. Need to get more rest tonight.,had a small disagreement with my parents today which put a bit of a damper on the day. missed a call from a close friend and felt a bit guilty about not making more time for them lately. need to get more rest tonight.,"['small', 'disagreement', 'parents', 'which', 'put', 'bit', 'damper', 'day', 'missed', 'call', 'from', 'close', 'friend', 'bit', 'guilty', 'not', 'making', 'more', 'time', 'them', 'lately', 'need', 'get', 'more', 'rest', 'tonight']",44,217,3
2026-07-16,Thought about picking reading back up today but didn't get to it. Did a bit of photography but got distracted halfway through. Nothing particularly stands out about today.,6,4,4,music,2026-07-16,Thought about picking reading back up today but didn't get to it. Did a bit of photography but got distracted halfway through. Nothing particularly stands out about today.,thought about picking reading back up today but didn't get to it. did a bit of photography but got distracted halfway through. nothing particularly stands out about today.,"['thought', 'picking', 'reading', ""didn't"", 'get', 'bit', 'photography', 'got', 'distracted', 'halfway', 'through', 'nothing', 'stands']",28,171,3
2026-07-17,"Fairly average day at work, mostly just handled a backlog of emails without much excitement. Spent most of the day on the project deadline, nothing particularly noteworthy happened.",7,4,7,"productivity, career",2026-07-17,"Fairly average day at work, mostly just handled a backlog of emails without much excitement. Spent most of the day on the project deadline, nothing particularly noteworthy happened.","fairly average day at work, mostly just handled a backlog of emails without much excitement. spent most of the day on the project deadline, nothing particularly noteworthy happened.","['fairly', 'average', 'day', 'work', 'mostly', 'handled', 'backlog', 'emails', 'without', 'much', 'excitement', 'spent', 'most', 'day', 'project', 'deadline', 'nothing', 'noteworthy', 'happened']",28,181,2
2026-07-18,Had a small disagreement with my family today which put a bit of a damper on the day.,3,5,3,"friends, family",2026-07-18,Had a small disagreement with my family today which put a bit of a damper on the day.,had a small disagreement with my family today which put a bit of a damper on the day.,"['small', 'disagreement', 'family', 'which', 'put', 'bit', 'damper', 'day']",18,85,1
2026-07-19,Thinking about the assignment due date a lot today but haven't really started preparing yet.,5,6,5,"anxiety, deadline, exam",2026-07-19,Thinking about the assignment due date a lot today but haven't really started preparing yet.,thinking about the assignment due date a lot today but haven't really started preparing yet.,"['thinking', 'assignment', 'due', 'date', 'lot', ""haven't"", 'started', 'preparing', 'yet']",15,92,1
2026-07-21,Feeling really stressed about the presentation — couldn't focus on much else today.,4,5,3,anxiety,2026-07-21,Feeling really stressed about the presentation — couldn't focus on much else today.,feeling really stressed about the presentation  couldn't focus on much else today.,"['feeling', 'stressed', 'presentation', ""couldn't"", 'focus', 'much', 'else']",13,83,1
2026-07-22,"Barely got through any SQL today, my focus on correlation vs causation kept slipping. Struggled a lot with overfitting — Python is starting to feel overwhelming. Hoping tomorrow goes a bit better.",3,5,5,data science,2026-07-22,"Barely got through any SQL today, my focus on correlation vs causation kept slipping. Struggled a lot with overfitting — Python is starting to feel overwhelming. Hoping tomorrow goes a bit better.","barely got through any sql today, my focus on correlation vs causation kept slipping. struggled a lot with overfitting  python is starting to feel overwhelming. hoping tomorrow goes a bit better.","['barely', 'got', 'through', 'any', 'sql', 'focus', 'correlation', 'vs', 'causation', 'kept', 'slipping', 'struggled', 'lot', 'overfitting', 'python', 'starting', 'overwhelming', 'hoping', 'tomorrow', 'goes', 'bit', 'better']",32,196,3
2026-07-24,"Did a light swim session, nothing intense, just kept the habit going. Nothing particularly stands out about today.",7,6,6,"exercise, fitness",2026-07-24,"Did a light swim session, nothing intense, just kept the habit going. Nothing particularly stands out about today.","did a light swim session, nothing intense, just kept the habit going. nothing particularly stands out about today.","['light', 'swim', 'session', 'nothing', 'intense', 'kept', 'habit', 'going', 'nothing', 'stands']",18,114,2
2026-07-25,Skipped my usual walk today but ate reasonably well.,6,6,9,"health, wellbeing, fitness",2026-07-25,Skipped my usual walk today but ate reasonably well.,skipped my usual walk today but ate reasonably well.,"['skipped', 'usual', 'walk', 'ate', 'reasonably', 'well']",9,52,1
2026-07-26,"Thinking about the job interview a lot today but haven't really started preparing yet. The job interview is coming up soon, feeling a mix of nervous and okay about it.",5,6,5,"deadline, exam",2026-07-26,"Thinking about the job interview a lot today but haven't really started preparing yet. The job interview is coming up soon, feeling a mix of nervous and okay about it.","thinking about the job interview a lot today but haven't really started preparing yet. the job interview is coming up soon, feeling a mix of nervous and okay about it.","['thinking', 'job', 'interview', 'lot', ""haven't"", 'started', 'preparing', 'yet', 'job', 'interview', 'coming', 'soon', 'feeling', 'mix', 'nervous', 'okay']",30,167,2
2026-07-27,Missed a call from my sibling and felt a bit guilty about not making more time for them lately. Had a small disagreement with my sibling today which put a bit of a damper on the day. Today was harder than expected.,4,3,2,"relationships, friends",2026-07-27,Missed a call from my sibling and felt a bit guilty about not making more time for them lately. Had a small disagreement with my sibling today which put a bit of a damper on the day. Today was harder than expected.,missed a call from my sibling and felt a bit guilty about not making more time for them lately. had a small disagreement with my sibling today which put a bit of a damper on the day. today was harder than expected.,"['missed', 'call', 'from', 'sibling', 'bit', 'guilty', 'not', 'making', 'more', 'time', 'them', 'lately', 'small', 'disagreement', 'sibling', 'which', 'put', 'bit', 'damper', 'day', 'harder', 'than', 'expected']",42,214,3
2026-07-28,Worked through a tricky problem involving overfitting and felt genuinely satisfied once it worked. Overall a pretty good day.,8,5,10,"learning, data science",2026-07-28,Worked through a tricky problem involving overfitting and felt genuinely satisfied once it worked. Overall a pretty good day.,worked through a tricky problem involving overfitting and felt genuinely satisfied once it worked. overall a pretty good day.,"['worked', 'through', 'tricky', 'problem', 'involving', 'overfitting', 'genuinely', 'satisfied', 'once', 'worked', 'overall', 'pretty', 'good', 'day']",19,125,2
2026-07-29,Had a really productive day at work — cleared most of my a client presentation and even helped a coworker with theirs.,7,9,7,"work, meetings",2026-07-29,Had a really productive day at work — cleared most of my a client presentation and even helped a coworker with theirs.,had a really productive day at work  cleared most of my a client presentation and even helped a coworker with theirs.,"['productive', 'day', 'work', 'cleared', 'most', 'client', 'presentation', 'even', 'helped', 'coworker', 'theirs']",22,118,1
2026-07-30,"Did a bit of data visualization practice today, nothing major, just consolidating gradient descent. A fairly typical day, all things considered.",5,6,6,coding,2026-07-30,"Did a bit of data visualization practice today, nothing major, just consolidating gradient descent. A fairly typical day, all things considered.","did a bit of data visualization practice today, nothing major, just consolidating gradient descent. a fairly typical day, all things considered.","['bit', 'data', 'visualization', 'practice', 'nothing', 'major', 'consolidating', 'gradient', 'descent', 'fairly', 'typical', 'day', 'all', 'things', 'considered']",21,144,2
2026-07-31,"Fairly lazy day overall, mixed a bit of rest with a few small chores.",5,6,6,"relaxation, sleep, rest",2026-07-31,"Fairly lazy day overall, mixed a bit of rest with a few small chores.","fairly lazy day overall, mixed a bit of rest with a few small chores.","['fairly', 'lazy', 'day', 'overall', 'mixed', 'bit', 'rest', 'few', 'small', 'chores']",14,69,1
2026-08-01,Missed a call from my family and felt a bit guilty about not making more time for them lately. Had a small disagreement with my parents today which put a bit of a damper on the day. Trying not to be too hard on myself about it.,2,5,1,"family, relationships, weekend",2026-08-01,Missed a call from my family and felt a bit guilty about not making more time for them lately. Had a small disagreement with my parents today which put a bit of a damper on the day. Trying not to be too hard on myself about it.,missed a call from my family and felt a bit guilty about not making more time for them lately. had a small disagreement with my parents today which put a bit of a damper on the day. trying not to be too hard on myself about it.,"['missed', 'call', 'from', 'family', 'bit', 'guilty', 'not', 'making', 'more', 'time', 'them', 'lately', 'small', 'disagreement', 'parents', 'which', 'put', 'bit', 'damper', 'day', 'trying', 'not', 'too', 'hard', 'myself']",47,227,3
2026-08-02,"Looked into travel options for the countryside, nothing booked yet. Nothing particularly stands out about today.",6,8,5,"adventure, travel",2026-08-02,"Looked into travel options for the countryside, nothing booked yet. Nothing particularly stands out about today.","looked into travel options for the countryside, nothing booked yet. nothing particularly stands out about today.","['looked', 'into', 'travel', 'options', 'countryside', 'nothing', 'booked', 'yet', 'nothing', 'stands']",16,112,2
2026-08-03,Managed my anxiety about the assignment due date well today by breaking the work into smaller pieces.,6,7,8,exam,2026-08-03,Managed my anxiety about the assignment due date well today by breaking the work into smaller pieces.,managed my anxiety about the assignment due date well today by breaking the work into smaller pieces.,"['managed', 'anxiety', 'assignment', 'due', 'date', 'well', 'by', 'breaking', 'work', 'into', 'smaller', 'pieces']",17,101,1
2026-08-04,Did a bit of sketching but got distracted halfway through. Just an ordinary day overall.,6,4,5,"music, hobbies, reading",2026-08-04,Did a bit of sketching but got distracted halfway through. Just an ordinary day overall.,did a bit of sketching but got distracted halfway through. just an ordinary day overall.,"['bit', 'sketching', 'got', 'distracted', 'halfway', 'through', 'ordinary', 'day', 'overall']",15,88,2
2026-08-05,"Took a short trip to a local market today, it was a nice change of scenery and really refreshing.",8,9,6,"weekend, travel, adventure",2026-08-05,"Took a short trip to a local market today, it was a nice change of scenery and really refreshing.","took a short trip to a local market today, it was a nice change of scenery and really refreshing.","['took', 'short', 'trip', 'local', 'market', 'nice', 'change', 'scenery', 'refreshing']",19,97,1
2026-08-06,"Struggled to focus on the project deadline today, kept getting pulled into unnecessary meetings. Trying not to be too hard on myself about it.",2,4,4,"productivity, career, work",2026-08-06,"Struggled to focus on the project deadline today, kept getting pulled into unnecessary meetings. Trying not to be too hard on myself about it.","struggled to focus on the project deadline today, kept getting pulled into unnecessary meetings. trying not to be too hard on myself about it.","['struggled', 'focus', 'project', 'deadline', 'kept', 'getting', 'pulled', 'into', 'unnecessary', 'meetings', 'trying', 'not', 'too', 'hard', 'myself']",24,142,2
2026-08-07,Skipped my usual gym workout today but ate reasonably well.,4,6,4,"exercise, wellbeing, health",2026-08-07,Skipped my usual gym workout today but ate reasonably well.,skipped my usual gym workout today but ate reasonably well.,"['skipped', 'usual', 'gym', 'workout', 'ate', 'reasonably', 'well']",10,59,1
2026-08-08,"Had a lovely time with my family — we went for a long walk and it lifted my mood a lot. Spent quality time with my family today, it was really nice to just relax and catch up. Ending the day in a good mood.",10,8,8,"weekend, family",2026-08-08,"Had a lovely time with my family — we went for a long walk and it lifted my mood a lot. Spent quality time with my family today, it was really nice to just relax and catch up. Ending the day in a good mood.","had a lovely time with my family  we went for a long walk and it lifted my mood a lot. spent quality time with my family today, it was really nice to just relax and catch up. ending the day in a good mood.","['lovely', 'time', 'family', 'we', 'went', 'long', 'walk', 'lifted', 'mood', 'lot', 'spent', 'quality', 'time', 'family', 'nice', 'relax', 'catch', 'ending', 'day', 'good', 'mood']",45,206,3
2026-08-09,Thought about picking writing back up today but didn't get to it. Nothing particularly stands out about today.,4,5,3,"reading, music",2026-08-09,Thought about picking writing back up today but didn't get to it. Nothing particularly stands out about today.,thought about picking writing back up today but didn't get to it. nothing particularly stands out about today.,"['thought', 'picking', 'writing', ""didn't"", 'get', 'nothing', 'stands']",18,110,2
2026-08-10,"Felt pretty drained after dealing with a backlog of emails, didn't get much else done.",5,4,4,meetings,2026-08-10,"Felt pretty drained after dealing with a backlog of emails, didn't get much else done.","felt pretty drained after dealing with a backlog of emails, didn't get much else done.","['pretty', 'drained', 'after', 'dealing', 'backlog', 'emails', ""didn't"", 'get', 'much', 'else', 'done']",15,86,1
2026-08-11,"The project deadline is coming up soon, feeling a mix of nervous and okay about it. Nothing particularly stands out about today.",4,6,5,"stress, exam",2026-08-11,"The project deadline is coming up soon, feeling a mix of nervous and okay about it. Nothing particularly stands out about today.","the project deadline is coming up soon, feeling a mix of nervous and okay about it. nothing particularly stands out about today.","['project', 'deadline', 'coming', 'soon', 'feeling', 'mix', 'nervous', 'okay', 'nothing', 'stands']",22,128,2
2026-08-12,Read through some notes on correlation vs causation but didn't get much hands-on SQL practice done.,6,6,5,"learning, coding",2026-08-12,Read through some notes on correlation vs causation but didn't get much hands-on SQL practice done.,read through some notes on correlation vs causation but didn't get much hands-on sql practice done.,"['read', 'through', 'notes', 'correlation', 'vs', 'causation', ""didn't"", 'get', 'much', 'hands', 'sql', 'practice', 'done']",16,99,1
